X;Y;AVERAGE_GRADE
12.50000;2.50000;0.23969
13.50000;2.50000;0.23214
14.50000;2.50000;0.23319
15.50000;2.50000;0.23425
16.50000;2.50000;0.23565
17.50000;2.50000;0.23813
18.50000;2.50000;0.24285
19.50000;2.50000;0.25116
20.50000;2.50000;0.42768
21.50000;2.50000;0.48588
22.50000;2.50000;0.55436
23.50000;2.50000;0.62812
24.50000;2.50000;0.69694
25.50000;2.50000;0.80548
26.50000;2.50000;0.89691
27.50000;2.50000;0.98801
28.50000;2.50000;1.07653
29.50000;2.50000;1.16077
30.50000;2.50000;1.23735
31.50000;2.50000;1.29600
32.50000;2.50000;1.29490
33.50000;2.50000;1.18310
34.50000;2.50000;1.01276
35.50000;2.50000;0.86901
36.50000;2.50000;0.80471
37.50000;2.50000;0.78258
38.50000;2.50000;0.77299
39.50000;2.50000;0.76921
40.50000;2.50000;0.76950
41.50000;2.50000;0.77339
42.50000;2.50000;0.78296
1.50000;3.50000;2.71097
2.50000;3.50000;2.39136
3.50000;3.50000;2.09284
4.50000;3.50000;1.80618
5.50000;3.50000;1.52373
6.50000;3.50000;1.23915
7.50000;3.50000;0.94690
8.50000;3.50000;0.64117
9.50000;3.50000;0.35834
10.50000;3.50000;0.30441
11.50000;3.50000;0.28063
12.50000;3.50000;0.24571
13.50000;3.50000;0.23408
14.50000;3.50000;0.22649
15.50000;3.50000;0.23309
16.50000;3.50000;0.25035
17.50000;3.50000;0.25580
18.50000;3.50000;0.28001
19.50000;3.50000;0.31921
20.50000;3.50000;0.37156
21.50000;3.50000;0.44204
22.50000;3.50000;0.53683
23.50000;3.50000;0.62536
24.50000;3.50000;0.72078
25.50000;3.50000;0.79637
26.50000;3.50000;0.89798
27.50000;3.50000;1.03385
28.50000;3.50000;1.11585
29.50000;3.50000;1.23294
30.50000;3.50000;1.31549
31.50000;3.50000;1.39975
32.50000;3.50000;1.43664
33.50000;3.50000;1.24324
34.50000;3.50000;1.06198
35.50000;3.50000;0.92534
36.50000;3.50000;0.83351
37.50000;3.50000;0.91228
38.50000;3.50000;0.89542
39.50000;3.50000;0.88698
40.50000;3.50000;0.84761
41.50000;3.50000;0.88550
42.50000;3.50000;0.93944
43.50000;3.50000;1.15254
1.50000;4.50000;3.82091
2.50000;4.50000;3.44966
3.50000;4.50000;3.01101
4.50000;4.50000;2.51184
5.50000;4.50000;1.98511
6.50000;4.50000;1.46993
7.50000;4.50000;1.07782
8.50000;4.50000;0.77642
9.50000;4.50000;0.52123
10.50000;4.50000;0.42009
11.50000;4.50000;0.37083
12.50000;4.50000;0.33344
13.50000;4.50000;0.48804
14.50000;4.50000;0.43024
15.50000;4.50000;0.25932
16.50000;4.50000;0.24764
17.50000;4.50000;0.23841
18.50000;4.50000;0.24062
19.50000;4.50000;0.27227
20.50000;4.50000;0.32674
21.50000;4.50000;0.44109
22.50000;4.50000;0.54269
23.50000;4.50000;0.62652
24.50000;4.50000;0.69761
25.50000;4.50000;0.86723
26.50000;4.50000;0.98633
27.50000;4.50000;1.08254
28.50000;4.50000;1.17621
29.50000;4.50000;1.25816
30.50000;4.50000;1.33666
31.50000;4.50000;1.40045
32.50000;4.50000;1.41031
33.50000;4.50000;1.26441
34.50000;4.50000;1.10108
35.50000;4.50000;0.95642
36.50000;4.50000;0.71681
37.50000;4.50000;0.75319
38.50000;4.50000;0.79390
39.50000;4.50000;0.83912
40.50000;4.50000;0.88597
41.50000;4.50000;0.91611
42.50000;4.50000;1.06782
43.50000;4.50000;1.27780
44.50000;4.50000;1.56579
45.50000;4.50000;1.81185
1.50000;5.50000;4.92497
2.50000;5.50000;4.36675
3.50000;5.50000;3.75245
4.50000;5.50000;3.09055
5.50000;5.50000;2.41771
6.50000;5.50000;1.78207
7.50000;5.50000;1.23551
8.50000;5.50000;0.93412
9.50000;5.50000;0.69760
10.50000;5.50000;0.56459
11.50000;5.50000;0.48254
12.50000;5.50000;0.41613
13.50000;5.50000;0.40891
14.50000;5.50000;0.54655
15.50000;5.50000;0.28057
16.50000;5.50000;0.26892
17.50000;5.50000;0.25350
18.50000;5.50000;0.23390
19.50000;5.50000;0.22682
20.50000;5.50000;0.38887
21.50000;5.50000;0.52345
22.50000;5.50000;0.55743
23.50000;5.50000;0.63860
24.50000;5.50000;0.71007
25.50000;5.50000;0.89937
26.50000;5.50000;1.01976
27.50000;5.50000;1.12551
28.50000;5.50000;1.21317
29.50000;5.50000;1.28776
30.50000;5.50000;1.34634
31.50000;5.50000;1.36422
32.50000;5.50000;1.33651
33.50000;5.50000;1.22054
34.50000;5.50000;1.08663
35.50000;5.50000;0.95870
36.50000;5.50000;0.71205
37.50000;5.50000;0.76775
38.50000;5.50000;0.82482
39.50000;5.50000;0.88935
40.50000;5.50000;0.95745
41.50000;5.50000;1.02554
42.50000;5.50000;1.16605
43.50000;5.50000;1.37651
44.50000;5.50000;1.69946
45.50000;5.50000;1.93489
46.50000;5.50000;2.18529
47.50000;5.50000;2.39714
1.50000;6.50000;6.17385
2.50000;6.50000;5.45112
3.50000;6.50000;4.64871
4.50000;6.50000;3.79974
5.50000;6.50000;2.95624
6.50000;6.50000;2.17994
7.50000;6.50000;1.53285
8.50000;6.50000;1.10394
9.50000;6.50000;0.87042
10.50000;6.50000;0.72219
11.50000;6.50000;0.60823
12.50000;6.50000;0.50930
13.50000;6.50000;0.44954
14.50000;6.50000;0.34554
15.50000;6.50000;0.30992
16.50000;6.50000;0.29354
17.50000;6.50000;0.31841
18.50000;6.50000;0.32630
19.50000;6.50000;0.37959
20.50000;6.50000;0.47326
21.50000;6.50000;0.62370
22.50000;6.50000;0.66483
23.50000;6.50000;0.74317
24.50000;6.50000;0.80465
25.50000;6.50000;0.99962
26.50000;6.50000;1.15456
27.50000;6.50000;1.16847
28.50000;6.50000;1.25120
29.50000;6.50000;1.31833
30.50000;6.50000;1.33193
31.50000;6.50000;1.32389
32.50000;6.50000;1.26576
33.50000;6.50000;1.16435
34.50000;6.50000;1.04755
35.50000;6.50000;0.93377
36.50000;6.50000;0.95408
37.50000;6.50000;0.77906
38.50000;6.50000;0.85404
39.50000;6.50000;0.93974
40.50000;6.50000;1.03064
41.50000;6.50000;1.12034
42.50000;6.50000;1.20157
43.50000;6.50000;1.58383
44.50000;6.50000;1.79400
45.50000;6.50000;2.07492
46.50000;6.50000;2.51033
47.50000;6.50000;2.97594
1.50000;7.50000;8.19004
2.50000;7.50000;6.65226
3.50000;7.50000;5.65154
4.50000;7.50000;4.59306
5.50000;7.50000;3.55153
6.50000;7.50000;2.60794
7.50000;7.50000;1.58295
8.50000;7.50000;1.27649
9.50000;7.50000;1.04004
10.50000;7.50000;0.88482
11.50000;7.50000;0.73827
12.50000;7.50000;0.60482
13.50000;7.50000;0.51411
14.50000;7.50000;0.39162
15.50000;7.50000;0.33898
16.50000;7.50000;0.39913
17.50000;7.50000;0.48326
18.50000;7.50000;0.46601
19.50000;7.50000;0.54331
20.50000;7.50000;0.70716
21.50000;7.50000;0.73851
22.50000;7.50000;0.78480
23.50000;7.50000;0.84316
24.50000;7.50000;0.88651
25.50000;7.50000;1.05008
26.50000;7.50000;1.22677
27.50000;7.50000;1.20872
28.50000;7.50000;1.29027
29.50000;7.50000;1.33971
30.50000;7.50000;1.31478
31.50000;7.50000;1.26689
32.50000;7.50000;1.20144
33.50000;7.50000;1.10272
34.50000;7.50000;0.99443
35.50000;7.50000;0.89006
36.50000;7.50000;0.87986
37.50000;7.50000;0.78314
38.50000;7.50000;0.87711
39.50000;7.50000;0.98551
40.50000;7.50000;1.10107
41.50000;7.50000;1.21499
42.50000;7.50000;1.31585
43.50000;7.50000;1.66311
44.50000;7.50000;1.92424
45.50000;7.50000;2.43587
46.50000;7.50000;2.99265
47.50000;7.50000;3.53462
1.50000;8.50000;9.59470
2.50000;8.50000;7.93824
3.50000;8.50000;6.72060
4.50000;8.50000;5.42785
5.50000;8.50000;4.15803
6.50000;8.50000;2.03135
7.50000;8.50000;1.74383
8.50000;8.50000;1.45114
9.50000;8.50000;1.21977
10.50000;8.50000;1.04755
11.50000;8.50000;0.86704
12.50000;8.50000;0.69742
13.50000;8.50000;0.57086
14.50000;8.50000;0.42977
15.50000;8.50000;0.42960
16.50000;8.50000;0.56632
17.50000;8.50000;0.69607
18.50000;8.50000;0.61719
19.50000;8.50000;0.99990
20.50000;8.50000;0.94637
21.50000;8.50000;0.92117
22.50000;8.50000;0.93030
23.50000;8.50000;0.96483
24.50000;8.50000;0.98500
25.50000;8.50000;1.09522
26.50000;8.50000;1.08669
27.50000;8.50000;1.24217
28.50000;8.50000;1.33110
29.50000;8.50000;1.36704
30.50000;8.50000;1.28049
31.50000;8.50000;1.20921
32.50000;8.50000;1.14354
33.50000;8.50000;1.03810
34.50000;8.50000;0.93291
35.50000;8.50000;0.83334
36.50000;8.50000;0.80218
37.50000;8.50000;0.90865
38.50000;8.50000;0.89021
39.50000;8.50000;1.02219
40.50000;8.50000;1.16361
41.50000;8.50000;1.30495
42.50000;8.50000;1.67784
43.50000;8.50000;1.71983
44.50000;8.50000;2.18533
45.50000;8.50000;2.84560
46.50000;8.50000;3.54364
47.50000;8.50000;4.11103
1.50000;9.50000;10.96158
2.50000;9.50000;9.67378
3.50000;9.50000;7.81618
4.50000;9.50000;6.26875
5.50000;9.50000;2.62836
6.50000;9.50000;2.24571
7.50000;9.50000;1.92079
8.50000;9.50000;1.62777
9.50000;9.50000;1.38421
10.50000;9.50000;1.20393
11.50000;9.50000;0.99089
12.50000;9.50000;0.78676
13.50000;9.50000;0.61996
14.50000;9.50000;0.45556
15.50000;9.50000;0.57364
16.50000;9.50000;0.78451
17.50000;9.50000;0.95961
18.50000;9.50000;1.34068
19.50000;9.50000;1.27011
20.50000;9.50000;1.18598
21.50000;9.50000;1.12615
22.50000;9.50000;1.09155
23.50000;9.50000;1.10006
24.50000;9.50000;1.09353
25.50000;9.50000;1.13619
26.50000;9.50000;1.10909
27.50000;9.50000;1.25388
28.50000;9.50000;1.36021
29.50000;9.50000;1.29206
30.50000;9.50000;1.22915
31.50000;9.50000;1.15925
32.50000;9.50000;1.09021
33.50000;9.50000;0.97321
34.50000;9.50000;0.86766
35.50000;9.50000;0.76813
36.50000;9.50000;0.71914
37.50000;9.50000;0.83839
38.50000;9.50000;0.94584
39.50000;9.50000;1.04616
40.50000;9.50000;1.21122
41.50000;9.50000;1.37991
42.50000;9.50000;1.65582
43.50000;9.50000;1.76197
44.50000;9.50000;2.45510
45.50000;9.50000;3.30784
46.50000;9.50000;4.09873
47.50000;9.50000;4.72902
1.50000;10.50000;12.22600
2.50000;10.50000;10.51923
3.50000;10.50000;8.88355
4.50000;10.50000;3.32666
5.50000;10.50000;2.90002
6.50000;10.50000;2.46435
7.50000;10.50000;2.09524
8.50000;10.50000;1.79274
9.50000;10.50000;1.52649
10.50000;10.50000;1.34289
11.50000;10.50000;1.10628
12.50000;10.50000;0.87941
13.50000;10.50000;0.68642
14.50000;10.50000;0.48756
15.50000;10.50000;0.79911
16.50000;10.50000;1.06768
17.50000;10.50000;1.25348
18.50000;10.50000;1.63259
19.50000;10.50000;1.52422
20.50000;10.50000;1.42180
21.50000;10.50000;1.34120
22.50000;10.50000;1.23657
23.50000;10.50000;1.21968
24.50000;10.50000;1.19263
25.50000;10.50000;1.16127
26.50000;10.50000;1.15183
27.50000;10.50000;1.15399
28.50000;10.50000;1.16599
29.50000;10.50000;1.16085
30.50000;10.50000;1.16960
31.50000;10.50000;1.09267
32.50000;10.50000;0.89285
33.50000;10.50000;0.76645
34.50000;10.50000;0.70051
35.50000;10.50000;0.64416
36.50000;10.50000;0.63203
37.50000;10.50000;0.76107
38.50000;10.50000;0.90520
39.50000;10.50000;1.05668
40.50000;10.50000;1.23641
41.50000;10.50000;1.43556
42.50000;10.50000;1.62034
43.50000;10.50000;1.78100
44.50000;10.50000;2.84984
45.50000;10.50000;3.81286
46.50000;10.50000;4.67914
47.50000;10.50000;5.43303
1.50000;11.50000;13.20286
2.50000;11.50000;10.86378
3.50000;11.50000;4.07416
4.50000;11.50000;3.67319
5.50000;11.50000;3.21160
6.50000;11.50000;2.79588
7.50000;11.50000;2.28392
8.50000;11.50000;1.89005
9.50000;11.50000;1.88822
10.50000;11.50000;1.66688
11.50000;11.50000;1.49124
12.50000;11.50000;1.31953
13.50000;11.50000;1.16872
14.50000;11.50000;1.10667
15.50000;11.50000;1.16059
16.50000;11.50000;1.49735
17.50000;11.50000;1.63514
18.50000;11.50000;1.70434
19.50000;11.50000;1.66145
20.50000;11.50000;1.62726
21.50000;11.50000;1.49341
22.50000;11.50000;1.41653
23.50000;11.50000;1.33505
24.50000;11.50000;1.24049
25.50000;11.50000;1.16269
26.50000;11.50000;1.04392
27.50000;11.50000;1.00017
28.50000;11.50000;1.00400
29.50000;11.50000;0.98136
30.50000;11.50000;0.88479
31.50000;11.50000;0.82238
32.50000;11.50000;0.76297
33.50000;11.50000;0.68809
34.50000;11.50000;0.64178
35.50000;11.50000;0.59344
36.50000;11.50000;0.57128
37.50000;11.50000;0.71411
38.50000;11.50000;0.85719
39.50000;11.50000;1.01404
40.50000;11.50000;1.17680
41.50000;11.50000;1.32896
42.50000;11.50000;1.93394
43.50000;11.50000;2.53252
44.50000;11.50000;3.06227
45.50000;11.50000;4.17142
46.50000;11.50000;5.36892
47.50000;11.50000;6.50595
1.50000;12.50000;12.97542
2.50000;12.50000;9.87179
3.50000;12.50000;4.33842
4.50000;12.50000;3.99320
5.50000;12.50000;3.45553
6.50000;12.50000;2.86219
7.50000;12.50000;2.38408
8.50000;12.50000;1.86327
9.50000;12.50000;1.51605
10.50000;12.50000;1.91302
11.50000;12.50000;1.49091
12.50000;12.50000;1.45517
13.50000;12.50000;1.48641
14.50000;12.50000;1.59856
15.50000;12.50000;1.69346
16.50000;12.50000;2.02313
17.50000;12.50000;2.12699
18.50000;12.50000;2.08929
19.50000;12.50000;1.95634
20.50000;12.50000;1.81910
21.50000;12.50000;1.64931
22.50000;12.50000;1.46913
23.50000;12.50000;1.30728
24.50000;12.50000;1.16811
25.50000;12.50000;1.09645
26.50000;12.50000;0.98013
27.50000;12.50000;0.81922
28.50000;12.50000;0.81179
29.50000;12.50000;0.77299
30.50000;12.50000;0.72535
31.50000;12.50000;0.68022
32.50000;12.50000;0.63960
33.50000;12.50000;0.60262
34.50000;12.50000;0.56893
35.50000;12.50000;0.53964
36.50000;12.50000;0.52093
37.50000;12.50000;0.63217
38.50000;12.50000;0.77292
39.50000;12.50000;0.92428
40.50000;12.50000;1.07768
41.50000;12.50000;1.22598
42.50000;12.50000;1.35649
43.50000;12.50000;2.88676
44.50000;12.50000;3.24340
45.50000;12.50000;4.26001
46.50000;12.50000;5.54937
47.50000;12.50000;6.75014
48.50000;12.50000;8.02133
1.50000;13.50000;11.11727
2.50000;13.50000;8.22993
3.50000;13.50000;6.34593
4.50000;13.50000;4.88956
5.50000;13.50000;3.65861
6.50000;13.50000;2.97569
7.50000;13.50000;2.54559
8.50000;13.50000;1.86293
9.50000;13.50000;1.42501
10.50000;13.50000;1.16247
11.50000;13.50000;1.55621
12.50000;13.50000;1.63965
13.50000;13.50000;1.81686
14.50000;13.50000;2.08003
15.50000;13.50000;2.27607
16.50000;13.50000;2.48866
17.50000;13.50000;2.56281
18.50000;13.50000;2.35389
19.50000;13.50000;2.07990
20.50000;13.50000;1.83136
21.50000;13.50000;1.61481
22.50000;13.50000;1.38929
23.50000;13.50000;1.20492
24.50000;13.50000;1.06741
25.50000;13.50000;0.95552
26.50000;13.50000;0.86740
27.50000;13.50000;0.63990
28.50000;13.50000;0.62114
29.50000;13.50000;0.59037
30.50000;13.50000;0.56370
31.50000;13.50000;0.54637
32.50000;13.50000;0.53279
33.50000;13.50000;0.51959
34.50000;13.50000;0.50738
35.50000;13.50000;0.49916
36.50000;13.50000;0.49843
37.50000;13.50000;0.60136
38.50000;13.50000;0.72110
39.50000;13.50000;0.85006
40.50000;13.50000;0.97942
41.50000;13.50000;1.10141
42.50000;13.50000;1.20665
43.50000;13.50000;1.28456
44.50000;13.50000;2.67554
45.50000;13.50000;3.63193
46.50000;13.50000;4.79286
47.50000;13.50000;5.88251
48.50000;13.50000;6.93414
1.50000;14.50000;8.58864
2.50000;14.50000;6.16111
3.50000;14.50000;4.94336
4.50000;14.50000;4.25069
5.50000;14.50000;3.53975
6.50000;14.50000;3.01486
7.50000;14.50000;2.57690
8.50000;14.50000;1.81905
9.50000;14.50000;1.35481
10.50000;14.50000;1.01341
11.50000;14.50000;1.52934
12.50000;14.50000;1.70594
13.50000;14.50000;2.28538
14.50000;14.50000;2.57306
15.50000;14.50000;2.75044
16.50000;14.50000;2.67197
17.50000;14.50000;2.50839
18.50000;14.50000;2.32701
19.50000;14.50000;2.07000
20.50000;14.50000;1.80855
21.50000;14.50000;1.55383
22.50000;14.50000;1.29990
23.50000;14.50000;1.08901
24.50000;14.50000;0.92593
25.50000;14.50000;0.79572
26.50000;14.50000;0.70939
27.50000;14.50000;0.47321
28.50000;14.50000;0.44017
29.50000;14.50000;0.37856
30.50000;14.50000;0.42826
31.50000;14.50000;0.42963
32.50000;14.50000;0.43857
33.50000;14.50000;0.44268
34.50000;14.50000;0.45733
35.50000;14.50000;0.46358
36.50000;14.50000;0.49631
37.50000;14.50000;0.58427
38.50000;14.50000;0.70824
39.50000;14.50000;0.78574
40.50000;14.50000;0.89505
41.50000;14.50000;0.98448
42.50000;14.50000;1.06082
43.50000;14.50000;1.10652
44.50000;14.50000;2.26294
45.50000;14.50000;3.02169
46.50000;14.50000;3.96101
47.50000;14.50000;4.95773
48.50000;14.50000;5.56157
1.50000;15.50000;7.11242
2.50000;15.50000;5.44591
3.50000;15.50000;4.65142
4.50000;15.50000;4.09326
5.50000;15.50000;3.46770
6.50000;15.50000;2.74130
7.50000;15.50000;2.15802
8.50000;15.50000;1.29605
9.50000;15.50000;1.31103
10.50000;15.50000;1.40179
11.50000;15.50000;1.54902
12.50000;15.50000;1.79326
13.50000;15.50000;2.04966
14.50000;15.50000;2.31344
15.50000;15.50000;2.39442
16.50000;15.50000;2.47175
17.50000;15.50000;2.37604
18.50000;15.50000;2.00879
19.50000;15.50000;1.87785
20.50000;15.50000;1.62666
21.50000;15.50000;1.43585
22.50000;15.50000;1.06730
23.50000;15.50000;0.92728
24.50000;15.50000;0.78134
25.50000;15.50000;0.63422
26.50000;15.50000;0.56007
27.50000;15.50000;0.35348
28.50000;15.50000;0.29433
29.50000;15.50000;0.25708
30.50000;15.50000;0.32359
31.50000;15.50000;0.32181
32.50000;15.50000;0.34497
33.50000;15.50000;0.36834
34.50000;15.50000;0.39422
35.50000;15.50000;0.45770
36.50000;15.50000;0.48150
37.50000;15.50000;0.54844
38.50000;15.50000;0.60337
39.50000;15.50000;0.69432
40.50000;15.50000;0.78433
41.50000;15.50000;0.86690
42.50000;15.50000;0.93120
43.50000;15.50000;0.98123
44.50000;15.50000;1.76130
45.50000;15.50000;2.29051
46.50000;15.50000;2.98642
47.50000;15.50000;3.87505
48.50000;15.50000;4.45273
1.50000;16.50000;6.19556
2.50000;16.50000;5.00282
3.50000;16.50000;4.26765
4.50000;16.50000;3.81558
5.50000;16.50000;3.28894
6.50000;16.50000;2.51875
7.50000;16.50000;1.93108
8.50000;16.50000;1.02333
9.50000;16.50000;0.99523
10.50000;16.50000;1.06225
11.50000;16.50000;1.19562
12.50000;16.50000;1.48897
13.50000;16.50000;1.74028
14.50000;16.50000;1.92855
15.50000;16.50000;2.00709
16.50000;16.50000;2.14769
17.50000;16.50000;2.12221
18.50000;16.50000;1.78020
19.50000;16.50000;1.72565
20.50000;16.50000;1.66578
21.50000;16.50000;1.32715
22.50000;16.50000;0.91676
23.50000;16.50000;0.79586
24.50000;16.50000;0.64432
25.50000;16.50000;0.46402
26.50000;16.50000;0.33374
27.50000;16.50000;0.24612
28.50000;16.50000;0.25369
29.50000;16.50000;0.32945
30.50000;16.50000;0.37043
31.50000;16.50000;0.29404
32.50000;16.50000;0.32497
33.50000;16.50000;0.35351
34.50000;16.50000;0.43730
35.50000;16.50000;0.44089
36.50000;16.50000;0.56628
37.50000;16.50000;0.52715
38.50000;16.50000;0.61153
39.50000;16.50000;0.61351
40.50000;16.50000;0.68580
41.50000;16.50000;0.75194
42.50000;16.50000;0.81095
43.50000;16.50000;0.85645
44.50000;16.50000;1.31175
45.50000;16.50000;1.66325
46.50000;16.50000;2.10671
47.50000;16.50000;2.99926
48.50000;16.50000;3.65893
1.50000;17.50000;5.46552
2.50000;17.50000;4.52234
3.50000;17.50000;3.83799
4.50000;17.50000;3.46003
5.50000;17.50000;3.05038
6.50000;17.50000;2.54211
7.50000;17.50000;1.65834
8.50000;17.50000;0.81605
9.50000;17.50000;0.68339
10.50000;17.50000;0.68712
11.50000;17.50000;0.81757
12.50000;17.50000;1.17028
13.50000;17.50000;1.35571
14.50000;17.50000;1.54207
15.50000;17.50000;1.69789
16.50000;17.50000;1.81946
17.50000;17.50000;1.84238
18.50000;17.50000;1.56118
19.50000;17.50000;1.54125
20.50000;17.50000;1.54163
21.50000;17.50000;1.40919
22.50000;17.50000;0.83084
23.50000;17.50000;0.71503
24.50000;17.50000;0.58351
25.50000;17.50000;0.39799
26.50000;17.50000;0.21592
27.50000;17.50000;0.27559
28.50000;17.50000;0.35229
29.50000;17.50000;0.41357
30.50000;17.50000;0.45606
31.50000;17.50000;0.28478
32.50000;17.50000;0.31234
33.50000;17.50000;0.46784
34.50000;17.50000;0.45745
35.50000;17.50000;0.44492
36.50000;17.50000;0.60715
37.50000;17.50000;0.50092
38.50000;17.50000;0.57158
39.50000;17.50000;0.66611
40.50000;17.50000;0.59193
41.50000;17.50000;0.63013
42.50000;17.50000;0.68972
43.50000;17.50000;0.78270
44.50000;17.50000;1.10857
45.50000;17.50000;1.43133
46.50000;17.50000;1.65714
47.50000;17.50000;2.19777
48.50000;17.50000;2.86601
1.50000;18.50000;4.83139
2.50000;18.50000;4.04304
3.50000;18.50000;3.38768
4.50000;18.50000;3.06197
5.50000;18.50000;2.75517
6.50000;18.50000;2.19287
7.50000;18.50000;1.37523
8.50000;18.50000;0.72004
9.50000;18.50000;0.52982
10.50000;18.50000;0.38141
11.50000;18.50000;0.46883
12.50000;18.50000;0.77793
13.50000;18.50000;1.03532
14.50000;18.50000;1.25118
15.50000;18.50000;1.44737
16.50000;18.50000;1.51602
17.50000;18.50000;1.56920
18.50000;18.50000;1.51118
19.50000;18.50000;1.36246
20.50000;18.50000;1.29200
21.50000;18.50000;1.16057
22.50000;18.50000;0.81148
23.50000;18.50000;0.68132
24.50000;18.50000;0.55995
25.50000;18.50000;0.38853
26.50000;18.50000;0.36227
27.50000;18.50000;0.37378
28.50000;18.50000;0.43665
29.50000;18.50000;0.50252
30.50000;18.50000;0.62040
31.50000;18.50000;0.56666
32.50000;18.50000;0.54457
33.50000;18.50000;0.51599
34.50000;18.50000;0.48399
35.50000;18.50000;0.45275
36.50000;18.50000;0.42607
37.50000;18.50000;0.48971
38.50000;18.50000;0.52618
39.50000;18.50000;0.56712
40.50000;18.50000;0.60973
41.50000;18.50000;0.65014
42.50000;18.50000;0.68069
43.50000;18.50000;0.74496
44.50000;18.50000;1.02623
45.50000;18.50000;1.29779
46.50000;18.50000;1.51630
47.50000;18.50000;1.83565
48.50000;18.50000;2.30890
1.50000;19.50000;4.24722
2.50000;19.50000;3.56640
3.50000;19.50000;2.88833
4.50000;19.50000;2.52129
5.50000;19.50000;2.14549
6.50000;19.50000;1.56545
7.50000;19.50000;1.15012
8.50000;19.50000;0.78958
9.50000;19.50000;0.43140
10.50000;19.50000;0.31896
11.50000;19.50000;0.25897
12.50000;19.50000;0.50782
13.50000;19.50000;0.81261
14.50000;19.50000;0.98892
15.50000;19.50000;1.12787
16.50000;19.50000;1.25225
17.50000;19.50000;1.32137
18.50000;19.50000;1.30497
19.50000;19.50000;1.15397
20.50000;19.50000;1.18074
21.50000;19.50000;1.07609
22.50000;19.50000;0.78572
23.50000;19.50000;0.67536
24.50000;19.50000;0.55563
25.50000;19.50000;0.48669
26.50000;19.50000;0.51306
27.50000;19.50000;0.52044
28.50000;19.50000;0.57409
29.50000;19.50000;0.63355
30.50000;19.50000;0.75487
31.50000;19.50000;0.66916
32.50000;19.50000;0.62406
33.50000;19.50000;0.57000
34.50000;19.50000;0.51337
35.50000;19.50000;0.46088
36.50000;19.50000;0.41824
37.50000;19.50000;0.46742
38.50000;19.50000;0.50564
39.50000;19.50000;0.54908
40.50000;19.50000;0.59448
41.50000;19.50000;0.63570
42.50000;19.50000;0.68807
43.50000;19.50000;0.76168
44.50000;19.50000;0.99513
45.50000;19.50000;1.20083
46.50000;19.50000;1.38087
47.50000;19.50000;1.55932
48.50000;19.50000;1.94353
1.50000;20.50000;3.71766
2.50000;20.50000;3.11959
3.50000;20.50000;2.46563
4.50000;20.50000;2.16435
5.50000;20.50000;1.82814
6.50000;20.50000;1.22503
7.50000;20.50000;0.91921
8.50000;20.50000;0.71969
9.50000;20.50000;0.60193
10.50000;20.50000;0.62454
11.50000;20.50000;0.56663
12.50000;20.50000;0.41951
13.50000;20.50000;0.64130
14.50000;20.50000;0.87409
15.50000;20.50000;0.94638
16.50000;20.50000;1.07701
17.50000;20.50000;1.10800
18.50000;20.50000;1.71903
19.50000;20.50000;1.41081
20.50000;20.50000;1.08225
21.50000;20.50000;0.95360
22.50000;20.50000;0.78318
23.50000;20.50000;0.69735
24.50000;20.50000;0.62256
25.50000;20.50000;0.61984
26.50000;20.50000;0.63736
27.50000;20.50000;0.66773
28.50000;20.50000;0.71951
29.50000;20.50000;0.77551
30.50000;20.50000;0.82556
31.50000;20.50000;0.77867
32.50000;20.50000;0.70843
33.50000;20.50000;0.62595
34.50000;20.50000;0.54166
35.50000;20.50000;0.46528
36.50000;20.50000;0.34063
37.50000;20.50000;0.44012
38.50000;20.50000;0.47936
39.50000;20.50000;0.52474
40.50000;20.50000;0.57235
41.50000;20.50000;0.61590
42.50000;20.50000;0.71098
43.50000;20.50000;0.78282
44.50000;20.50000;0.97466
45.50000;20.50000;1.13600
46.50000;20.50000;1.28396
47.50000;20.50000;1.44440
48.50000;20.50000;1.67198
1.50000;21.50000;3.26030
2.50000;21.50000;2.73975
3.50000;21.50000;2.15328
4.50000;21.50000;1.87326
5.50000;21.50000;1.48702
6.50000;21.50000;0.96074
7.50000;21.50000;0.99866
8.50000;21.50000;0.95227
9.50000;21.50000;1.00383
10.50000;21.50000;1.03696
11.50000;21.50000;1.01415
12.50000;21.50000;1.11054
13.50000;21.50000;0.56880
14.50000;21.50000;0.72722
15.50000;21.50000;1.12782
16.50000;21.50000;1.03020
17.50000;21.50000;1.15681
18.50000;21.50000;0.95094
19.50000;21.50000;1.43070
20.50000;21.50000;1.00058
21.50000;21.50000;0.88296
22.50000;21.50000;0.78921
23.50000;21.50000;0.73023
24.50000;21.50000;0.72200
25.50000;21.50000;0.72245
26.50000;21.50000;0.74115
27.50000;21.50000;0.80373
28.50000;21.50000;0.86030
29.50000;21.50000;0.91961
30.50000;21.50000;0.94065
31.50000;21.50000;0.89315
32.50000;21.50000;0.79333
33.50000;21.50000;0.67450
34.50000;21.50000;0.56677
35.50000;21.50000;0.37025
36.50000;21.50000;0.35582
37.50000;21.50000;0.41698
38.50000;21.50000;0.45209
39.50000;21.50000;0.54132
40.50000;21.50000;0.64071
41.50000;21.50000;0.74987
42.50000;21.50000;0.84692
43.50000;21.50000;0.79543
44.50000;21.50000;1.14428
45.50000;21.50000;1.24165
46.50000;21.50000;1.32574
47.50000;21.50000;1.52644
48.50000;21.50000;1.56665
1.50000;22.50000;3.32003
2.50000;22.50000;2.71198
3.50000;22.50000;1.49366
4.50000;22.50000;1.35908
5.50000;22.50000;1.36490
6.50000;22.50000;1.08375
7.50000;22.50000;0.99594
8.50000;22.50000;1.06352
9.50000;22.50000;1.08104
10.50000;22.50000;1.16844
11.50000;22.50000;1.56068
12.50000;22.50000;1.59296
13.50000;22.50000;1.22244
14.50000;22.50000;1.23400
15.50000;22.50000;1.22886
16.50000;22.50000;0.95723
17.50000;22.50000;0.85429
18.50000;22.50000;1.21222
19.50000;22.50000;1.10054
20.50000;22.50000;0.96550
21.50000;22.50000;0.83768
22.50000;22.50000;0.80715
23.50000;22.50000;0.81209
24.50000;22.50000;0.81820
25.50000;22.50000;0.83375
26.50000;22.50000;0.86694
27.50000;22.50000;0.96479
28.50000;22.50000;1.00809
29.50000;22.50000;1.05149
30.50000;22.50000;1.08220
31.50000;22.50000;1.15107
32.50000;22.50000;0.85251
33.50000;22.50000;0.71834
34.50000;22.50000;0.58072
35.50000;22.50000;0.40507
36.50000;22.50000;0.33121
37.50000;22.50000;0.38797
38.50000;22.50000;0.50433
39.50000;22.50000;0.63960
40.50000;22.50000;0.76319
41.50000;22.50000;0.86915
42.50000;22.50000;0.97907
43.50000;22.50000;1.08478
44.50000;22.50000;1.19129
45.50000;22.50000;1.25574
46.50000;22.50000;1.29367
47.50000;22.50000;1.46876
48.50000;22.50000;1.38368
1.50000;23.50000;2.53701
2.50000;23.50000;1.98631
3.50000;23.50000;1.15183
4.50000;23.50000;1.06559
5.50000;23.50000;1.25695
6.50000;23.50000;1.13862
7.50000;23.50000;1.14909
8.50000;23.50000;1.30571
9.50000;23.50000;1.35273
10.50000;23.50000;1.81276
11.50000;23.50000;2.03587
12.50000;23.50000;1.87311
13.50000;23.50000;1.58266
14.50000;23.50000;1.47719
15.50000;23.50000;1.34969
16.50000;23.50000;1.20520
17.50000;23.50000;1.05500
18.50000;23.50000;0.91949
19.50000;23.50000;0.83063
20.50000;23.50000;0.84206
21.50000;23.50000;1.00731
22.50000;23.50000;1.01521
23.50000;23.50000;0.83392
24.50000;23.50000;0.83743
25.50000;23.50000;0.82959
26.50000;23.50000;0.95317
27.50000;23.50000;1.26967
28.50000;23.50000;1.34020
29.50000;23.50000;1.29937
30.50000;23.50000;1.21817
31.50000;23.50000;1.25386
32.50000;23.50000;1.25622
33.50000;23.50000;0.74210
34.50000;23.50000;0.59758
35.50000;23.50000;0.51035
36.50000;23.50000;0.35649
37.50000;23.50000;0.46328
38.50000;23.50000;0.61619
39.50000;23.50000;0.75398
40.50000;23.50000;0.87614
41.50000;23.50000;0.98729
42.50000;23.50000;1.13092
43.50000;23.50000;1.23547
44.50000;23.50000;1.28607
45.50000;23.50000;1.31785
46.50000;23.50000;1.32550
47.50000;23.50000;1.28284
48.50000;23.50000;1.30712
1.50000;24.50000;1.91520
2.50000;24.50000;1.42414
3.50000;24.50000;0.85388
4.50000;24.50000;0.78861
5.50000;24.50000;1.15466
6.50000;24.50000;1.19781
7.50000;24.50000;1.36290
8.50000;24.50000;1.60440
9.50000;24.50000;2.24789
10.50000;24.50000;2.30400
11.50000;24.50000;2.35575
12.50000;24.50000;2.34237
13.50000;24.50000;1.99577
14.50000;24.50000;1.84825
15.50000;24.50000;1.66763
16.50000;24.50000;1.46261
17.50000;24.50000;1.24438
18.50000;24.50000;1.03144
19.50000;24.50000;0.87739
20.50000;24.50000;0.97787
21.50000;24.50000;1.18160
22.50000;24.50000;1.21336
23.50000;24.50000;1.33626
24.50000;24.50000;0.89127
25.50000;24.50000;0.93060
26.50000;24.50000;1.25632
27.50000;24.50000;1.19699
28.50000;24.50000;1.14637
29.50000;24.50000;1.14946
30.50000;24.50000;1.21714
31.50000;24.50000;1.20803
32.50000;24.50000;1.16367
33.50000;24.50000;1.08603
34.50000;24.50000;0.95626
35.50000;24.50000;0.75936
36.50000;24.50000;0.69002
37.50000;24.50000;0.67608
38.50000;24.50000;0.78322
39.50000;24.50000;0.90964
40.50000;24.50000;1.04223
41.50000;24.50000;1.17414
42.50000;24.50000;1.38259
43.50000;24.50000;1.41106
44.50000;24.50000;1.42374
45.50000;24.50000;1.44091
46.50000;24.50000;1.49017
47.50000;24.50000;1.52774
48.50000;24.50000;1.58871
1.50000;25.50000;1.45466
2.50000;25.50000;1.01846
3.50000;25.50000;0.60092
4.50000;25.50000;0.51805
5.50000;25.50000;1.07515
6.50000;25.50000;1.32450
7.50000;25.50000;1.66400
8.50000;25.50000;1.98003
9.50000;25.50000;2.74502
10.50000;25.50000;2.80460
11.50000;25.50000;2.84783
12.50000;25.50000;2.81768
13.50000;25.50000;2.39445
14.50000;25.50000;2.23072
15.50000;25.50000;2.01996
16.50000;25.50000;1.76011
17.50000;25.50000;1.48384
18.50000;25.50000;1.20140
19.50000;25.50000;0.96519
20.50000;25.50000;1.17736
21.50000;25.50000;1.38018
22.50000;25.50000;1.45940
23.50000;25.50000;1.59793
24.50000;25.50000;0.91621
25.50000;25.50000;1.53585
26.50000;25.50000;1.42418
27.50000;25.50000;1.39243
28.50000;25.50000;1.21792
29.50000;25.50000;1.11679
30.50000;25.50000;1.18646
31.50000;25.50000;1.23315
32.50000;25.50000;1.25086
33.50000;25.50000;1.24495
34.50000;25.50000;1.17834
35.50000;25.50000;1.03108
36.50000;25.50000;0.99046
37.50000;25.50000;0.93979
38.50000;25.50000;1.00289
39.50000;25.50000;1.10540
40.50000;25.50000;1.22834
41.50000;25.50000;1.35921
42.50000;25.50000;1.56674
43.50000;25.50000;1.59638
44.50000;25.50000;1.61313
45.50000;25.50000;1.69229
46.50000;25.50000;1.76587
47.50000;25.50000;1.83127
48.50000;25.50000;1.89365
1.50000;26.50000;1.16220
2.50000;26.50000;0.78886
3.50000;26.50000;0.43240
4.50000;26.50000;0.32420
5.50000;26.50000;1.12431
6.50000;26.50000;1.59576
7.50000;26.50000;2.07870
8.50000;26.50000;2.44861
9.50000;26.50000;3.23548
10.50000;26.50000;3.29785
11.50000;26.50000;3.33364
12.50000;26.50000;3.15573
13.50000;26.50000;2.80929
14.50000;26.50000;2.65557
15.50000;26.50000;2.42542
16.50000;26.50000;2.09175
17.50000;26.50000;1.83046
18.50000;26.50000;1.59485
19.50000;26.50000;1.52258
20.50000;26.50000;1.42800
21.50000;26.50000;1.62671
22.50000;26.50000;1.77637
23.50000;26.50000;1.89824
24.50000;26.50000;1.87175
25.50000;26.50000;1.78040
26.50000;26.50000;1.62645
27.50000;26.50000;1.66056
28.50000;26.50000;1.39650
29.50000;26.50000;1.16870
30.50000;26.50000;1.16545
31.50000;26.50000;1.23585
32.50000;26.50000;1.30269
33.50000;26.50000;1.36809
34.50000;26.50000;1.38262
35.50000;26.50000;1.27413
36.50000;26.50000;1.19886
37.50000;26.50000;1.17672
38.50000;26.50000;1.21459
39.50000;26.50000;1.29646
40.50000;26.50000;1.40766
41.50000;26.50000;1.53672
42.50000;26.50000;1.73880
43.50000;26.50000;1.78176
44.50000;26.50000;1.85749
45.50000;26.50000;1.96497
46.50000;26.50000;2.06669
47.50000;26.50000;2.13276
48.50000;26.50000;2.18586
1.50000;27.50000;1.69443
2.50000;27.50000;0.86379
3.50000;27.50000;0.59697
4.50000;27.50000;0.90497
5.50000;27.50000;1.38955
6.50000;27.50000;2.05251
7.50000;27.50000;2.44880
8.50000;27.50000;2.72405
9.50000;27.50000;3.42521
10.50000;27.50000;3.61662
11.50000;27.50000;3.71944
12.50000;27.50000;3.64038
13.50000;27.50000;3.33659
14.50000;27.50000;3.15449
15.50000;27.50000;2.89648
16.50000;27.50000;2.52358
17.50000;27.50000;2.27141
18.50000;27.50000;2.08564
19.50000;27.50000;1.98391
20.50000;27.50000;1.91706
21.50000;27.50000;1.93305
22.50000;27.50000;2.07271
23.50000;27.50000;2.17591
24.50000;27.50000;2.24887
25.50000;27.50000;2.29538
26.50000;27.50000;2.29786
27.50000;27.50000;1.99169
28.50000;27.50000;1.65207
29.50000;27.50000;1.37493
30.50000;27.50000;1.25882
31.50000;27.50000;1.30257
32.50000;27.50000;1.38649
33.50000;27.50000;1.46670
34.50000;27.50000;1.46449
35.50000;27.50000;1.43560
36.50000;27.50000;1.49802
37.50000;27.50000;1.66540
38.50000;27.50000;1.68662
39.50000;27.50000;1.48083
40.50000;27.50000;1.57732
41.50000;27.50000;1.69276
42.50000;27.50000;1.91963
43.50000;27.50000;1.92311
44.50000;27.50000;2.10095
45.50000;27.50000;2.22115
46.50000;27.50000;2.32608
47.50000;27.50000;2.41219
48.50000;27.50000;2.47791
1.50000;28.50000;1.08540
2.50000;28.50000;0.85667
3.50000;28.50000;1.01133
4.50000;28.50000;1.35721
5.50000;28.50000;1.81930
6.50000;28.50000;2.50760
7.50000;28.50000;3.17958
8.50000;28.50000;3.43688
9.50000;28.50000;3.98655
10.50000;28.50000;4.10682
11.50000;28.50000;4.24652
12.50000;28.50000;4.17979
13.50000;28.50000;3.88187
14.50000;28.50000;3.64144
15.50000;28.50000;3.36176
16.50000;28.50000;2.82173
17.50000;28.50000;2.66167
18.50000;28.50000;2.46377
19.50000;28.50000;2.43568
20.50000;28.50000;2.39459
21.50000;28.50000;2.27388
22.50000;28.50000;2.44405
23.50000;28.50000;2.42507
24.50000;28.50000;2.69420
25.50000;28.50000;2.73681
26.50000;28.50000;2.70931
27.50000;28.50000;2.33247
28.50000;28.50000;1.93511
29.50000;28.50000;1.61510
30.50000;28.50000;1.32075
31.50000;28.50000;1.40432
32.50000;28.50000;1.49680
33.50000;28.50000;1.58783
34.50000;28.50000;1.63925
35.50000;28.50000;1.75110
36.50000;28.50000;1.97099
37.50000;28.50000;2.06337
38.50000;28.50000;2.15206
39.50000;28.50000;2.23384
40.50000;28.50000;2.30141
41.50000;28.50000;2.23383
42.50000;28.50000;2.31652
43.50000;28.50000;2.40260
44.50000;28.50000;2.51055
45.50000;28.50000;2.62318
46.50000;28.50000;2.72670
47.50000;28.50000;2.81150
48.50000;28.50000;2.84503
1.50000;29.50000;1.06089
2.50000;29.50000;0.97232
3.50000;29.50000;1.31610
4.50000;29.50000;1.68310
5.50000;29.50000;2.10498
6.50000;29.50000;2.70784
7.50000;29.50000;3.48302
8.50000;29.50000;4.20342
9.50000;29.50000;4.38970
10.50000;29.50000;4.44236
11.50000;29.50000;4.50804
12.50000;29.50000;4.48799
13.50000;29.50000;4.25628
14.50000;29.50000;4.02326
15.50000;29.50000;3.72293
16.50000;29.50000;3.01867
17.50000;29.50000;2.78754
18.50000;29.50000;2.90264
19.50000;29.50000;2.83511
20.50000;29.50000;2.77254
21.50000;29.50000;2.55784
22.50000;29.50000;2.79385
23.50000;29.50000;2.83340
24.50000;29.50000;3.18460
25.50000;29.50000;3.28448
26.50000;29.50000;3.08420
27.50000;29.50000;2.66086
28.50000;29.50000;2.16869
29.50000;29.50000;1.78101
30.50000;29.50000;1.43402
31.50000;29.50000;1.53045
32.50000;29.50000;1.63526
33.50000;29.50000;1.73561
34.50000;29.50000;1.74479
35.50000;29.50000;2.18113
36.50000;29.50000;2.23700
37.50000;29.50000;2.27563
38.50000;29.50000;2.37152
39.50000;29.50000;2.47098
40.50000;29.50000;2.56983
41.50000;29.50000;2.66370
42.50000;29.50000;2.72238
43.50000;29.50000;2.82030
44.50000;29.50000;2.92885
45.50000;29.50000;3.00411
46.50000;29.50000;3.09030
47.50000;29.50000;3.17943
48.50000;29.50000;3.22258
1.50000;30.50000;0.94813
2.50000;30.50000;0.85954
3.50000;30.50000;0.99407
4.50000;30.50000;1.10260
5.50000;30.50000;2.43524
6.50000;30.50000;3.02737
7.50000;30.50000;3.63520
8.50000;30.50000;4.09166
9.50000;30.50000;4.25452
10.50000;30.50000;4.25234
11.50000;30.50000;4.39033
12.50000;30.50000;4.49473
13.50000;30.50000;4.49213
14.50000;30.50000;4.26812
15.50000;30.50000;3.99772
16.50000;30.50000;3.70280
17.50000;30.50000;3.34780
18.50000;30.50000;3.00405
19.50000;30.50000;3.27499
20.50000;30.50000;3.07594
21.50000;30.50000;2.72983
22.50000;30.50000;3.01665
23.50000;30.50000;3.24272
24.50000;30.50000;3.69400
25.50000;30.50000;3.89015
26.50000;30.50000;3.52368
27.50000;30.50000;2.90490
28.50000;30.50000;2.30460
29.50000;30.50000;1.85620
30.50000;30.50000;1.55527
31.50000;30.50000;1.67454
32.50000;30.50000;1.79709
33.50000;30.50000;1.90699
34.50000;30.50000;2.21681
35.50000;30.50000;2.38505
36.50000;30.50000;2.47557
37.50000;30.50000;2.49281
38.50000;30.50000;2.59496
39.50000;30.50000;2.71002
40.50000;30.50000;2.83792
41.50000;30.50000;2.97973
42.50000;30.50000;3.12976
43.50000;30.50000;3.21417
44.50000;30.50000;3.28905
45.50000;30.50000;3.33443
46.50000;30.50000;3.40021
47.50000;30.50000;3.48365
48.50000;30.50000;3.54919
1.50000;31.50000;0.92805
2.50000;31.50000;1.00443
3.50000;31.50000;1.13651
4.50000;31.50000;2.69939
5.50000;31.50000;2.54105
6.50000;31.50000;3.04072
7.50000;31.50000;3.51086
8.50000;31.50000;3.81273
9.50000;31.50000;4.04139
10.50000;31.50000;4.08232
11.50000;31.50000;4.25685
12.50000;31.50000;4.39434
13.50000;31.50000;4.54708
14.50000;31.50000;4.52713
15.50000;31.50000;4.27423
16.50000;31.50000;4.00812
17.50000;31.50000;4.18834
18.50000;31.50000;3.93330
19.50000;31.50000;3.69669
20.50000;31.50000;3.11714
21.50000;31.50000;2.94826
22.50000;31.50000;3.24956
23.50000;31.50000;3.57724
24.50000;31.50000;4.00112
25.50000;31.50000;4.40845
26.50000;31.50000;3.76919
27.50000;31.50000;3.02157
28.50000;31.50000;2.36855
29.50000;31.50000;1.85316
30.50000;31.50000;1.68413
31.50000;31.50000;1.83760
32.50000;31.50000;1.98243
33.50000;31.50000;2.10167
34.50000;31.50000;2.42332
35.50000;31.50000;2.55182
36.50000;31.50000;2.64057
37.50000;31.50000;2.69796
38.50000;31.50000;2.80200
39.50000;31.50000;2.92421
40.50000;31.50000;3.06659
41.50000;31.50000;3.23314
42.50000;31.50000;3.42810
43.50000;31.50000;3.51945
44.50000;31.50000;3.56757
45.50000;31.50000;3.52995
46.50000;31.50000;3.53411
47.50000;31.50000;3.56027
48.50000;31.50000;3.53510
1.50000;32.50000;0.90643
2.50000;32.50000;1.13526
3.50000;32.50000;2.17954
4.50000;32.50000;2.52637
5.50000;32.50000;2.56399
6.50000;32.50000;2.97942
7.50000;32.50000;3.35327
8.50000;32.50000;3.56004
9.50000;32.50000;3.79087
10.50000;32.50000;3.89080
11.50000;32.50000;4.08917
12.50000;32.50000;4.26489
13.50000;32.50000;4.45130
14.50000;32.50000;4.65659
15.50000;32.50000;4.57811
16.50000;32.50000;4.49738
17.50000;32.50000;4.19365
18.50000;32.50000;3.88379
19.50000;32.50000;3.60158
20.50000;32.50000;3.18998
21.50000;32.50000;3.04859
22.50000;32.50000;3.12258
23.50000;32.50000;2.99639
24.50000;32.50000;3.93634
25.50000;32.50000;4.02386
26.50000;32.50000;3.56221
27.50000;32.50000;2.99630
28.50000;32.50000;2.32025
29.50000;32.50000;1.72570
30.50000;32.50000;1.85607
31.50000;32.50000;2.02704
32.50000;32.50000;2.19346
33.50000;32.50000;2.31996
34.50000;32.50000;2.38229
35.50000;32.50000;2.60337
36.50000;32.50000;2.58512
37.50000;32.50000;2.58395
38.50000;32.50000;2.60912
39.50000;32.50000;2.66802
40.50000;32.50000;2.76703
41.50000;32.50000;2.90881
42.50000;32.50000;3.07938
43.50000;32.50000;3.21101
44.50000;32.50000;3.30138
45.50000;32.50000;3.33069
46.50000;32.50000;3.36633
47.50000;32.50000;3.40738
48.50000;32.50000;3.46629
1.50000;33.50000;0.97232
2.50000;33.50000;1.50739
3.50000;33.50000;1.74179
4.50000;33.50000;2.37741
5.50000;33.50000;2.53972
6.50000;33.50000;2.88645
7.50000;33.50000;3.19215
8.50000;33.50000;3.34625
9.50000;33.50000;3.54477
10.50000;33.50000;3.67829
11.50000;33.50000;3.89029
12.50000;33.50000;4.10649
13.50000;33.50000;4.34704
14.50000;33.50000;4.59295
15.50000;33.50000;4.81485
16.50000;33.50000;4.51953
17.50000;33.50000;4.16594
18.50000;33.50000;3.81519
19.50000;33.50000;3.48504
20.50000;33.50000;3.16412
21.50000;33.50000;3.17720
22.50000;33.50000;3.39968
23.50000;33.50000;3.96270
24.50000;33.50000;4.14087
25.50000;33.50000;4.45558
26.50000;33.50000;3.83636
27.50000;33.50000;3.39106
28.50000;33.50000;2.86055
29.50000;33.50000;2.45554
30.50000;33.50000;2.35543
31.50000;33.50000;2.39459
32.50000;33.50000;2.41895
33.50000;33.50000;2.48860
34.50000;33.50000;2.49712
35.50000;33.50000;2.82246
36.50000;33.50000;2.78997
37.50000;33.50000;2.53702
38.50000;33.50000;2.49810
39.50000;33.50000;2.48868
40.50000;33.50000;2.51417
41.50000;33.50000;2.57580
42.50000;33.50000;2.65886
43.50000;33.50000;2.76971
44.50000;33.50000;2.91517
45.50000;33.50000;3.02663
46.50000;33.50000;3.13243
47.50000;33.50000;3.23388
48.50000;33.50000;3.37885
1.50000;34.50000;0.98366
2.50000;34.50000;1.29084
3.50000;34.50000;1.47851
4.50000;34.50000;1.65924
5.50000;34.50000;1.82223
6.50000;34.50000;2.69695
7.50000;34.50000;2.94210
8.50000;34.50000;3.14068
9.50000;34.50000;3.34246
10.50000;34.50000;3.50485
11.50000;34.50000;3.67865
12.50000;34.50000;3.84757
13.50000;34.50000;4.21079
14.50000;34.50000;4.42105
15.50000;34.50000;4.42672
16.50000;34.50000;4.29231
17.50000;34.50000;4.04655
18.50000;34.50000;3.73827
19.50000;34.50000;3.39686
20.50000;34.50000;3.08525
21.50000;34.50000;3.27637
22.50000;34.50000;3.47338
23.50000;34.50000;3.95106
24.50000;34.50000;4.16923
25.50000;34.50000;4.43237
26.50000;34.50000;3.96579
27.50000;34.50000;3.72476
28.50000;34.50000;3.43490
29.50000;34.50000;3.27003
30.50000;34.50000;2.99801
31.50000;34.50000;2.92847
32.50000;34.50000;2.83594
33.50000;34.50000;2.76100
34.50000;34.50000;2.70209
35.50000;34.50000;2.82064
36.50000;34.50000;2.71784
37.50000;34.50000;2.59370
38.50000;34.50000;2.34153
39.50000;34.50000;2.25754
40.50000;34.50000;2.20041
41.50000;34.50000;2.17754
42.50000;34.50000;2.19273
43.50000;34.50000;2.34002
44.50000;34.50000;2.50101
45.50000;34.50000;2.68503
46.50000;34.50000;2.86277
47.50000;34.50000;3.03080
48.50000;34.50000;3.22060
1.50000;35.50000;1.02564
2.50000;35.50000;1.14845
3.50000;35.50000;1.28768
4.50000;35.50000;1.42329
5.50000;35.50000;1.54205
6.50000;35.50000;1.63505
7.50000;35.50000;1.69891
8.50000;35.50000;2.94673
9.50000;35.50000;3.11039
10.50000;35.50000;3.11676
11.50000;35.50000;3.31548
12.50000;35.50000;3.45650
13.50000;35.50000;3.85458
14.50000;35.50000;3.94522
15.50000;35.50000;3.95793
16.50000;35.50000;3.91905
17.50000;35.50000;3.68709
18.50000;35.50000;3.31621
19.50000;35.50000;3.08590
20.50000;35.50000;2.88465
21.50000;35.50000;3.01778
22.50000;35.50000;3.33283
23.50000;35.50000;3.62067
24.50000;35.50000;3.92536
25.50000;35.50000;4.23103
26.50000;35.50000;4.10148
27.50000;35.50000;4.08472
28.50000;35.50000;4.12322
29.50000;35.50000;3.95107
30.50000;35.50000;3.60996
31.50000;35.50000;3.45404
32.50000;35.50000;3.28007
33.50000;35.50000;3.10984
34.50000;35.50000;2.75221
35.50000;35.50000;2.73842
36.50000;35.50000;2.57623
37.50000;35.50000;2.42402
38.50000;35.50000;2.27859
39.50000;35.50000;2.00074
40.50000;35.50000;1.85879
41.50000;35.50000;1.75126
42.50000;35.50000;1.71747
43.50000;35.50000;1.67352
44.50000;35.50000;2.08872
45.50000;35.50000;2.33956
46.50000;35.50000;2.58020
47.50000;35.50000;2.80500
48.50000;35.50000;2.95624
49.50000;35.50000;3.13268
1.50000;36.50000;0.95874
2.50000;36.50000;1.00809
3.50000;36.50000;1.07767
4.50000;36.50000;1.16135
5.50000;36.50000;1.25558
6.50000;36.50000;1.35917
7.50000;36.50000;1.47524
8.50000;36.50000;1.62366
9.50000;36.50000;1.94726
10.50000;36.50000;2.27618
11.50000;36.50000;2.66184
12.50000;36.50000;2.92037
13.50000;36.50000;3.15847
14.50000;36.50000;3.26888
15.50000;36.50000;3.33537
16.50000;36.50000;3.24641
17.50000;36.50000;3.14169
18.50000;36.50000;2.99138
19.50000;36.50000;2.82848
20.50000;36.50000;2.72803
21.50000;36.50000;2.86121
22.50000;36.50000;3.15310
23.50000;36.50000;3.45676
24.50000;36.50000;3.78374
25.50000;36.50000;4.11795
26.50000;36.50000;4.25042
27.50000;36.50000;4.41500
28.50000;36.50000;4.74321
29.50000;36.50000;4.62539
30.50000;36.50000;4.33822
31.50000;36.50000;4.04733
32.50000;36.50000;3.77751
33.50000;36.50000;3.59274
34.50000;36.50000;2.92166
35.50000;36.50000;2.65645
36.50000;36.50000;2.70879
37.50000;36.50000;2.46540
38.50000;36.50000;2.19536
39.50000;36.50000;1.90467
40.50000;36.50000;1.60242
41.50000;36.50000;1.31503
42.50000;36.50000;1.25392
43.50000;36.50000;1.23571
44.50000;36.50000;1.49050
45.50000;36.50000;1.69221
46.50000;36.50000;1.91101
47.50000;36.50000;2.16241
48.50000;36.50000;2.51021
1.50000;37.50000;0.92125
2.50000;37.50000;0.94388
3.50000;37.50000;0.98812
4.50000;37.50000;1.03988
5.50000;37.50000;1.09294
6.50000;37.50000;1.13965
7.50000;37.50000;1.16824
8.50000;37.50000;1.15869
9.50000;37.50000;1.19393
10.50000;37.50000;1.61144
11.50000;37.50000;2.03498
12.50000;37.50000;2.36789
13.50000;37.50000;2.66588
14.50000;37.50000;2.76530
15.50000;37.50000;2.84025
16.50000;37.50000;2.79742
17.50000;37.50000;2.74820
18.50000;37.50000;2.65798
19.50000;37.50000;2.67565
20.50000;37.50000;2.52357
21.50000;37.50000;2.75070
22.50000;37.50000;2.96170
23.50000;37.50000;3.28387
24.50000;37.50000;3.63109
25.50000;37.50000;3.98683
26.50000;37.50000;4.33118
27.50000;37.50000;4.61848
28.50000;37.50000;5.25681
29.50000;37.50000;5.27233
30.50000;37.50000;4.88883
31.50000;37.50000;4.48730
32.50000;37.50000;4.16177
33.50000;37.50000;3.94942
34.50000;37.50000;3.01651
35.50000;37.50000;3.04951
36.50000;37.50000;2.79158
37.50000;37.50000;2.50211
38.50000;37.50000;2.18348
39.50000;37.50000;1.83980
40.50000;37.50000;1.47423
41.50000;37.50000;1.09140
42.50000;37.50000;0.80100
43.50000;37.50000;0.90597
44.50000;37.50000;1.08147
45.50000;37.50000;1.26154
46.50000;37.50000;1.44777
47.50000;37.50000;1.67076
48.50000;37.50000;1.98036
1.50000;38.50000;0.88959
2.50000;38.50000;0.89720
3.50000;38.50000;0.90397
4.50000;38.50000;0.91092
5.50000;38.50000;0.91916
6.50000;38.50000;0.99762
7.50000;38.50000;1.01523
8.50000;38.50000;1.03261
9.50000;38.50000;1.04966
10.50000;38.50000;1.20207
11.50000;38.50000;1.46317
12.50000;38.50000;1.76945
13.50000;38.50000;2.01745
14.50000;38.50000;2.28574
15.50000;38.50000;2.38188
16.50000;38.50000;2.38970
17.50000;38.50000;2.38323
18.50000;38.50000;2.62051
19.50000;38.50000;2.41883
20.50000;38.50000;2.28867
21.50000;38.50000;2.57157
22.50000;38.50000;2.98748
23.50000;38.50000;3.45589
24.50000;38.50000;3.93114
25.50000;38.50000;4.38159
26.50000;38.50000;4.83463
27.50000;38.50000;5.13923
28.50000;38.50000;5.50396
29.50000;38.50000;5.42204
30.50000;38.50000;5.09136
31.50000;38.50000;4.73357
32.50000;38.50000;4.40290
33.50000;38.50000;4.18570
34.50000;38.50000;3.55105
35.50000;38.50000;3.27889
36.50000;38.50000;2.95225
37.50000;38.50000;2.58988
38.50000;38.50000;2.20872
39.50000;38.50000;1.82375
40.50000;38.50000;1.45010
41.50000;38.50000;1.18654
42.50000;38.50000;0.89194
43.50000;38.50000;0.75415
44.50000;38.50000;0.82595
45.50000;38.50000;0.90615
46.50000;38.50000;1.00304
47.50000;38.50000;1.18180
1.50000;39.50000;0.86165
2.50000;39.50000;0.86235
3.50000;39.50000;0.86362
4.50000;39.50000;0.86614
5.50000;39.50000;0.87043
6.50000;39.50000;0.98128
7.50000;39.50000;1.37409
8.50000;39.50000;1.32331
9.50000;39.50000;1.26164
10.50000;39.50000;1.02548
11.50000;39.50000;1.16698
12.50000;39.50000;1.47103
13.50000;39.50000;1.69696
14.50000;39.50000;2.00428
15.50000;39.50000;2.01862
16.50000;39.50000;2.04150
17.50000;39.50000;2.06684
18.50000;39.50000;2.36728
19.50000;39.50000;2.16535
20.50000;39.50000;2.02581
21.50000;39.50000;2.41333
22.50000;39.50000;2.93048
23.50000;39.50000;3.47845
24.50000;39.50000;4.01917
25.50000;39.50000;4.52603
26.50000;39.50000;4.96863
27.50000;39.50000;5.32704
28.50000;39.50000;5.63412
29.50000;39.50000;5.50609
30.50000;39.50000;5.23961
31.50000;39.50000;4.93752
32.50000;39.50000;4.64731
33.50000;39.50000;4.41077
34.50000;39.50000;3.80716
35.50000;39.50000;3.50663
36.50000;39.50000;3.14750
37.50000;39.50000;2.75633
38.50000;39.50000;2.35377
39.50000;39.50000;1.95757
40.50000;39.50000;1.58723
41.50000;39.50000;1.27048
42.50000;39.50000;1.11594
43.50000;39.50000;0.86307
44.50000;39.50000;0.83169
45.50000;39.50000;0.79168
46.50000;39.50000;0.92160
47.50000;39.50000;0.85618
1.50000;40.50000;0.83712
2.50000;40.50000;0.83426
3.50000;40.50000;0.83094
4.50000;40.50000;0.82777
5.50000;40.50000;0.82516
6.50000;40.50000;1.03148
7.50000;40.50000;0.92167
8.50000;40.50000;1.52065
9.50000;40.50000;1.44126
10.50000;40.50000;0.97118
11.50000;40.50000;1.04300
12.50000;40.50000;1.16791
13.50000;40.50000;1.49755
14.50000;40.50000;1.80935
15.50000;40.50000;2.05452
16.50000;40.50000;1.76900
17.50000;40.50000;1.81608
18.50000;40.50000;2.15855
19.50000;40.50000;1.96036
20.50000;40.50000;1.80419
21.50000;40.50000;2.36283
22.50000;40.50000;2.95794
23.50000;40.50000;3.55678
24.50000;40.50000;4.14443
25.50000;40.50000;4.70132
26.50000;40.50000;5.19234
27.50000;40.50000;5.56191
28.50000;40.50000;5.74741
29.50000;40.50000;5.58471
30.50000;40.50000;5.37325
31.50000;40.50000;5.10689
32.50000;40.50000;4.84833
33.50000;40.50000;4.62156
34.50000;40.50000;4.07691
35.50000;40.50000;3.73665
36.50000;40.50000;3.34065
37.50000;40.50000;2.92267
38.50000;40.50000;2.50372
39.50000;40.50000;2.10125
40.50000;40.50000;1.73457
41.50000;40.50000;1.42739
42.50000;40.50000;1.22555
43.50000;40.50000;1.11827
44.50000;40.50000;1.19796
45.50000;40.50000;1.24029
46.50000;40.50000;1.36539
47.50000;40.50000;1.27110
2.50000;41.50000;0.80485
3.50000;41.50000;0.79669
4.50000;41.50000;0.78760
5.50000;41.50000;0.77781
6.50000;41.50000;1.13038
7.50000;41.50000;0.96066
8.50000;41.50000;0.87301
9.50000;41.50000;0.82839
10.50000;41.50000;0.89780
11.50000;41.50000;0.98383
12.50000;41.50000;1.11145
13.50000;41.50000;1.24393
14.50000;41.50000;1.37929
15.50000;41.50000;1.50572
16.50000;41.50000;1.59112
17.50000;41.50000;1.65432
18.50000;41.50000;1.71580
19.50000;41.50000;1.76655
20.50000;41.50000;2.09662
21.50000;41.50000;2.49969
22.50000;41.50000;3.04029
23.50000;41.50000;3.65389
24.50000;41.50000;4.27446
25.50000;41.50000;4.87990
26.50000;41.50000;5.34588
27.50000;41.50000;5.70151
28.50000;41.50000;5.86181
29.50000;41.50000;5.66858
30.50000;41.50000;5.48536
31.50000;41.50000;5.24309
32.50000;41.50000;5.00938
33.50000;41.50000;4.79952
34.50000;41.50000;4.33652
35.50000;41.50000;3.93800
36.50000;41.50000;3.50610
37.50000;41.50000;3.06844
38.50000;41.50000;2.63999
39.50000;41.50000;2.23472
40.50000;41.50000;1.86920
41.50000;41.50000;1.56346
42.50000;41.50000;1.37247
43.50000;41.50000;1.38458
44.50000;41.50000;1.56267
45.50000;41.50000;1.69537
46.50000;41.50000;1.93648
2.50000;42.50000;2.11073
3.50000;42.50000;0.76348
4.50000;42.50000;0.74878
5.50000;42.50000;0.73221
6.50000;42.50000;1.29030
7.50000;42.50000;1.07155
8.50000;42.50000;0.85707
9.50000;42.50000;0.73765
10.50000;42.50000;0.80469
11.50000;42.50000;0.93290
12.50000;42.50000;1.08798
13.50000;42.50000;1.23195
14.50000;42.50000;1.38609
15.50000;42.50000;1.53335
16.50000;42.50000;1.66301
17.50000;42.50000;1.72290
18.50000;42.50000;1.77747
19.50000;42.50000;1.96360
20.50000;42.50000;2.35880
21.50000;42.50000;2.78170
22.50000;42.50000;3.21919
23.50000;42.50000;3.75361
24.50000;42.50000;4.36122
25.50000;42.50000;4.97492
26.50000;42.50000;5.57820
27.50000;42.50000;6.06885
28.50000;42.50000;5.92537
29.50000;42.50000;5.71802
30.50000;42.50000;5.52052
31.50000;42.50000;5.32746
32.50000;42.50000;5.13085
33.50000;42.50000;4.93881
34.50000;42.50000;4.49688
35.50000;42.50000;4.05878
36.50000;42.50000;3.61494
37.50000;42.50000;3.17524
38.50000;42.50000;2.74882
39.50000;42.50000;2.34642
40.50000;42.50000;1.98163
41.50000;42.50000;1.69259
42.50000;42.50000;1.47998
43.50000;42.50000;1.68151
44.50000;42.50000;2.00117
45.50000;42.50000;2.24325
46.50000;42.50000;2.54151
3.50000;43.50000;2.52266
4.50000;43.50000;0.71430
5.50000;43.50000;0.69216
6.50000;43.50000;1.52765
7.50000;43.50000;1.21465
8.50000;43.50000;0.87718
9.50000;43.50000;0.63686
10.50000;43.50000;0.69898
11.50000;43.50000;0.91186
12.50000;43.50000;1.07076
13.50000;43.50000;1.23120
14.50000;43.50000;1.38908
15.50000;43.50000;1.55416
16.50000;43.50000;1.71230
17.50000;43.50000;1.79727
18.50000;43.50000;1.86979
19.50000;43.50000;1.96410
20.50000;43.50000;2.04277
21.50000;43.50000;2.66381
22.50000;43.50000;3.10354
23.50000;43.50000;3.60582
24.50000;43.50000;4.14787
25.50000;43.50000;4.70853
26.50000;43.50000;5.24817
27.50000;43.50000;5.62277
28.50000;43.50000;5.72960
29.50000;43.50000;5.67257
30.50000;43.50000;5.63841
31.50000;43.50000;6.43872
32.50000;43.50000;5.98087
33.50000;43.50000;5.64167
34.50000;43.50000;5.28861
35.50000;43.50000;4.80700
36.50000;43.50000;4.28311
37.50000;43.50000;3.74990
38.50000;43.50000;3.22362
39.50000;43.50000;2.71736
40.50000;43.50000;2.24500
41.50000;43.50000;1.82713
42.50000;43.50000;1.52224
43.50000;43.50000;1.99391
44.50000;43.50000;2.51478
45.50000;43.50000;2.88315
3.50000;44.50000;2.86203
4.50000;44.50000;2.94698
5.50000;44.50000;0.63886
6.50000;44.50000;1.86377
7.50000;44.50000;1.48333
8.50000;44.50000;1.03489
9.50000;44.50000;0.64371
10.50000;44.50000;0.65136
11.50000;44.50000;0.74750
12.50000;44.50000;1.06173
13.50000;44.50000;1.22956
14.50000;44.50000;1.37904
15.50000;44.50000;1.53722
16.50000;44.50000;1.70306
17.50000;44.50000;1.85361
18.50000;44.50000;1.97110
19.50000;44.50000;2.04464
20.50000;44.50000;2.11381
21.50000;44.50000;2.71847
22.50000;44.50000;3.09714
23.50000;44.50000;3.52378
24.50000;44.50000;3.97680
25.50000;44.50000;4.42829
26.50000;44.50000;4.83100
27.50000;44.50000;5.10548
28.50000;44.50000;6.56578
29.50000;44.50000;5.42992
30.50000;44.50000;5.52753
31.50000;44.50000;7.45022
32.50000;44.50000;6.92272
33.50000;44.50000;6.44358
34.50000;44.50000;5.67495
35.50000;44.50000;5.08473
36.50000;44.50000;4.51234
37.50000;44.50000;3.95537
38.50000;44.50000;3.41619
39.50000;44.50000;2.90051
40.50000;44.50000;2.41555
41.50000;44.50000;1.96973
42.50000;44.50000;1.61263
43.50000;44.50000;2.36140
44.50000;44.50000;3.10619
45.50000;44.50000;3.62596
4.50000;45.50000;2.80129
5.50000;45.50000;2.62715
6.50000;45.50000;2.25333
7.50000;45.50000;1.91623
8.50000;45.50000;1.43444
9.50000;45.50000;1.05446
10.50000;45.50000;0.76017
11.50000;45.50000;0.69293
12.50000;45.50000;0.76635
13.50000;45.50000;1.07119
14.50000;45.50000;1.24250
15.50000;45.50000;1.47101
16.50000;45.50000;1.62788
17.50000;45.50000;1.80917
18.50000;45.50000;1.90712
19.50000;45.50000;2.00287
20.50000;45.50000;2.10708
21.50000;45.50000;3.07369
22.50000;45.50000;3.39851
23.50000;45.50000;3.30498
24.50000;45.50000;3.71751
25.50000;45.50000;4.09731
26.50000;45.50000;4.39566
27.50000;45.50000;4.60502
28.50000;45.50000;6.61230
29.50000;45.50000;7.64398
30.50000;45.50000;8.34678
31.50000;45.50000;8.74616
32.50000;45.50000;8.20701
33.50000;45.50000;7.59372
34.50000;45.50000;6.60774
35.50000;45.50000;6.01454
36.50000;45.50000;5.44009
37.50000;45.50000;4.84310
38.50000;45.50000;4.19449
39.50000;45.50000;3.45194
40.50000;45.50000;2.90623
41.50000;45.50000;2.47816
42.50000;45.50000;2.36431
43.50000;45.50000;3.17326
44.50000;45.50000;3.67978
45.50000;45.50000;4.34589
4.50000;46.50000;3.30312
5.50000;46.50000;3.17401
6.50000;46.50000;2.82526
7.50000;46.50000;2.39588
8.50000;46.50000;1.86949
9.50000;46.50000;1.46590
10.50000;46.50000;1.05371
11.50000;46.50000;0.85489
12.50000;46.50000;0.88876
13.50000;46.50000;1.02525
14.50000;46.50000;1.18278
15.50000;46.50000;1.34114
16.50000;46.50000;1.55420
17.50000;46.50000;1.74378
18.50000;46.50000;1.85733
19.50000;46.50000;1.98595
20.50000;46.50000;2.11570
21.50000;46.50000;2.85066
22.50000;46.50000;3.15790
23.50000;46.50000;3.44352
24.50000;46.50000;3.43126
25.50000;46.50000;3.72424
26.50000;46.50000;3.95565
27.50000;46.50000;4.11651
28.50000;46.50000;6.72202
29.50000;46.50000;8.42245
30.50000;46.50000;9.63117
31.50000;46.50000;10.13247
32.50000;46.50000;9.50360
33.50000;46.50000;8.90698
34.50000;46.50000;7.49455
35.50000;46.50000;6.66731
36.50000;46.50000;5.90493
37.50000;46.50000;5.18560
38.50000;46.50000;4.50811
39.50000;46.50000;3.88379
40.50000;46.50000;3.33779
5.50000;47.50000;3.76765
6.50000;47.50000;3.39065
7.50000;47.50000;2.76290
8.50000;47.50000;2.21037
9.50000;47.50000;1.78171
10.50000;47.50000;1.36337
11.50000;47.50000;1.08291
12.50000;47.50000;0.93186
13.50000;47.50000;0.96717
14.50000;47.50000;1.11002
15.50000;47.50000;1.26937
16.50000;47.50000;1.48776
17.50000;47.50000;1.67668
18.50000;47.50000;1.80475
19.50000;47.50000;1.95768
20.50000;47.50000;2.10879
21.50000;47.50000;2.64361
22.50000;47.50000;2.91215
23.50000;47.50000;3.15383
24.50000;47.50000;3.35526
25.50000;47.50000;3.49461
26.50000;47.50000;3.52659
27.50000;47.50000;3.64144
28.50000;47.50000;6.70659
29.50000;47.50000;9.38929
30.50000;47.50000;11.33787
31.50000;47.50000;11.53046
32.50000;47.50000;10.65092
33.50000;47.50000;9.89083
34.50000;47.50000;8.27524
35.50000;47.50000;7.34142
5.50000;48.50000;4.26709
6.50000;48.50000;3.64172
7.50000;48.50000;2.99560
8.50000;48.50000;2.45923
9.50000;48.50000;2.01967
10.50000;48.50000;1.60126
11.50000;48.50000;1.24166
12.50000;48.50000;0.99263
13.50000;48.50000;0.89766
14.50000;48.50000;1.02678
15.50000;48.50000;1.23825
16.50000;48.50000;1.46382
17.50000;48.50000;1.63892
18.50000;48.50000;1.76199
19.50000;48.50000;1.92638
20.50000;48.50000;2.09193
21.50000;48.50000;2.46424
22.50000;48.50000;2.69680
23.50000;48.50000;2.90068
24.50000;48.50000;3.06332
25.50000;48.50000;3.17209
26.50000;48.50000;3.21625
27.50000;48.50000;3.22186
28.50000;48.50000;6.69629
29.50000;48.50000;10.12732
30.50000;48.50000;12.90837
13.50000;49.50000;0.83603
