X__dx=__44.00000;Y__dy=__44.00000;AVERAGE_GRADE
594.00000;66.00000;1.06533
638.00000;66.00000;1.41537
682.00000;66.00000;1.83375
726.00000;66.00000;2.22168
770.00000;66.00000;2.53436
814.00000;66.00000;2.74830
858.00000;66.00000;2.87282
902.00000;66.00000;2.90848
946.00000;66.00000;2.99413
990.00000;66.00000;3.05847
1034.00000;66.00000;2.66390
1078.00000;66.00000;2.50018
1122.00000;66.00000;3.05467
1166.00000;66.00000;3.02478
1210.00000;66.00000;2.98534
1254.00000;66.00000;2.93994
1298.00000;66.00000;2.84729
330.00000;110.00000;5.10966
374.00000;110.00000;5.39454
418.00000;110.00000;5.47948
462.00000;110.00000;3.70663
506.00000;110.00000;2.79982
550.00000;110.00000;1.84953
594.00000;110.00000;0.98296
638.00000;110.00000;1.31447
682.00000;110.00000;1.82514
726.00000;110.00000;2.30346
770.00000;110.00000;2.70543
814.00000;110.00000;2.98749
858.00000;110.00000;3.14109
902.00000;110.00000;3.13142
946.00000;110.00000;3.10126
990.00000;110.00000;3.11824
1034.00000;110.00000;2.86005
1078.00000;110.00000;2.69548
1122.00000;110.00000;2.53105
1166.00000;110.00000;2.39872
1210.00000;110.00000;2.34476
1254.00000;110.00000;2.38579
1298.00000;110.00000;2.52715
1342.00000;110.00000;2.50446
1386.00000;110.00000;2.31973
1430.00000;110.00000;2.09748
1474.00000;110.00000;1.88037
66.00000;154.00000;5.46961
110.00000;154.00000;4.15817
154.00000;154.00000;3.15759
198.00000;154.00000;3.12987
242.00000;154.00000;3.53446
286.00000;154.00000;4.63756
330.00000;154.00000;5.11061
374.00000;154.00000;5.41644
418.00000;154.00000;5.25031
462.00000;154.00000;4.45263
506.00000;154.00000;3.36130
550.00000;154.00000;2.34773
594.00000;154.00000;1.51044
638.00000;154.00000;1.46399
682.00000;154.00000;1.91494
726.00000;154.00000;2.41332
770.00000;154.00000;2.85227
814.00000;154.00000;3.16299
858.00000;154.00000;3.50711
902.00000;154.00000;3.40154
946.00000;154.00000;3.32268
990.00000;154.00000;3.25066
1034.00000;154.00000;3.00117
1078.00000;154.00000;2.77201
1122.00000;154.00000;2.53659
1166.00000;154.00000;2.31141
1210.00000;154.00000;2.14748
1254.00000;154.00000;2.09497
1298.00000;154.00000;2.17755
1342.00000;154.00000;2.24780
1386.00000;154.00000;2.16214
1430.00000;154.00000;1.99318
1474.00000;154.00000;1.73624
1518.00000;154.00000;1.56936
1562.00000;154.00000;1.46377
1606.00000;154.00000;1.28332
1650.00000;154.00000;1.22739
1694.00000;154.00000;1.22017
66.00000;198.00000;4.16484
110.00000;198.00000;3.35098
154.00000;198.00000;2.39336
198.00000;198.00000;3.22935
242.00000;198.00000;3.69783
286.00000;198.00000;4.46902
330.00000;198.00000;5.00742
374.00000;198.00000;5.53835
418.00000;198.00000;5.83201
462.00000;198.00000;4.84336
506.00000;198.00000;3.85384
550.00000;198.00000;2.96270
594.00000;198.00000;2.13840
638.00000;198.00000;1.89828
682.00000;198.00000;2.12920
726.00000;198.00000;2.57761
770.00000;198.00000;3.07484
814.00000;198.00000;3.50423
858.00000;198.00000;3.84689
902.00000;198.00000;3.68461
946.00000;198.00000;3.54846
990.00000;198.00000;3.43601
1034.00000;198.00000;3.13694
1078.00000;198.00000;2.87142
1122.00000;198.00000;2.59995
1166.00000;198.00000;2.33557
1210.00000;198.00000;2.07195
1254.00000;198.00000;1.87632
1298.00000;198.00000;1.84690
1342.00000;198.00000;1.90350
1386.00000;198.00000;1.95150
1430.00000;198.00000;1.87166
1474.00000;198.00000;1.59478
1518.00000;198.00000;1.46579
1562.00000;198.00000;1.31604
1606.00000;198.00000;1.48489
1650.00000;198.00000;1.65517
1694.00000;198.00000;1.86082
1738.00000;198.00000;2.29328
66.00000;242.00000;3.17457
110.00000;242.00000;2.57308
154.00000;242.00000;1.49121
198.00000;242.00000;2.03352
242.00000;242.00000;2.70431
286.00000;242.00000;3.28172
330.00000;242.00000;3.69332
374.00000;242.00000;4.13756
418.00000;242.00000;4.82943
462.00000;242.00000;4.76293
506.00000;242.00000;4.13559
550.00000;242.00000;3.35060
594.00000;242.00000;2.72702
638.00000;242.00000;2.20493
682.00000;242.00000;2.39723
726.00000;242.00000;2.71619
770.00000;242.00000;3.11109
814.00000;242.00000;3.57925
858.00000;242.00000;4.13157
902.00000;242.00000;3.40448
946.00000;242.00000;2.75759
990.00000;242.00000;2.52569
1034.00000;242.00000;2.83809
1078.00000;242.00000;2.98272
1122.00000;242.00000;2.98396
1166.00000;242.00000;2.84671
1210.00000;242.00000;2.57981
1254.00000;242.00000;2.29601
1298.00000;242.00000;2.28059
1342.00000;242.00000;1.41488
1386.00000;242.00000;1.29927
1430.00000;242.00000;1.25026
1474.00000;242.00000;1.04957
1518.00000;242.00000;1.02803
1562.00000;242.00000;1.06842
1606.00000;242.00000;1.35756
1650.00000;242.00000;1.66663
1694.00000;242.00000;2.09116
1738.00000;242.00000;2.64960
1782.00000;242.00000;3.37810
66.00000;286.00000;1.70013
110.00000;286.00000;2.32539
154.00000;286.00000;1.62033
198.00000;286.00000;1.58438
242.00000;286.00000;2.08125
286.00000;286.00000;2.84675
330.00000;286.00000;2.75941
374.00000;286.00000;3.12120
418.00000;286.00000;3.54266
462.00000;286.00000;3.87526
506.00000;286.00000;3.80877
550.00000;286.00000;3.38612
594.00000;286.00000;2.90414
638.00000;286.00000;2.37051
682.00000;286.00000;2.39712
726.00000;286.00000;2.64255
770.00000;286.00000;2.98951
814.00000;286.00000;3.40533
858.00000;286.00000;3.67587
902.00000;286.00000;3.13360
946.00000;286.00000;2.38733
990.00000;286.00000;1.70946
1034.00000;286.00000;2.25854
1078.00000;286.00000;2.75704
1122.00000;286.00000;3.03464
1166.00000;286.00000;3.11374
1210.00000;286.00000;2.97105
1254.00000;286.00000;2.82266
1298.00000;286.00000;2.69313
1342.00000;286.00000;1.62523
1386.00000;286.00000;1.18941
1430.00000;286.00000;1.15789
1474.00000;286.00000;0.90057
1518.00000;286.00000;0.82419
1562.00000;286.00000;0.82779
1606.00000;286.00000;1.22290
1650.00000;286.00000;1.66673
1694.00000;286.00000;2.19694
1738.00000;286.00000;2.79981
1782.00000;286.00000;3.61486
1826.00000;286.00000;4.36650
66.00000;330.00000;1.97796
110.00000;330.00000;2.40314
154.00000;330.00000;1.98569
198.00000;330.00000;2.01731
242.00000;330.00000;2.47522
286.00000;330.00000;2.67695
330.00000;330.00000;2.36614
374.00000;330.00000;2.11967
418.00000;330.00000;2.44740
462.00000;330.00000;2.88737
506.00000;330.00000;3.17193
550.00000;330.00000;3.11910
594.00000;330.00000;2.90352
638.00000;330.00000;2.68622
682.00000;330.00000;2.90134
726.00000;330.00000;2.66045
770.00000;330.00000;2.87045
814.00000;330.00000;3.14850
858.00000;330.00000;3.51046
902.00000;330.00000;3.12012
946.00000;330.00000;2.65173
990.00000;330.00000;2.10776
1034.00000;330.00000;1.93984
1078.00000;330.00000;2.53516
1122.00000;330.00000;2.86681
1166.00000;330.00000;3.12171
1210.00000;330.00000;3.15526
1254.00000;330.00000;3.32704
1298.00000;330.00000;3.17645
1342.00000;330.00000;2.00326
1386.00000;330.00000;1.32986
1430.00000;330.00000;1.01710
1474.00000;330.00000;0.79574
1518.00000;330.00000;0.69156
1562.00000;330.00000;0.62348
1606.00000;330.00000;0.94396
1650.00000;330.00000;1.77350
1694.00000;330.00000;2.42883
1738.00000;330.00000;2.88656
1782.00000;330.00000;3.57894
1826.00000;330.00000;4.30951
66.00000;374.00000;2.27533
110.00000;374.00000;2.52095
154.00000;374.00000;2.27617
198.00000;374.00000;2.35089
242.00000;374.00000;2.47445
286.00000;374.00000;3.14497
330.00000;374.00000;2.80992
374.00000;374.00000;2.33331
418.00000;374.00000;2.11803
462.00000;374.00000;2.05869
506.00000;374.00000;2.25900
550.00000;374.00000;2.50063
594.00000;374.00000;2.69209
638.00000;374.00000;3.01878
682.00000;374.00000;3.21987
726.00000;374.00000;2.67536
770.00000;374.00000;3.03851
814.00000;374.00000;2.98545
858.00000;374.00000;3.16847
902.00000;374.00000;3.02972
946.00000;374.00000;2.87713
990.00000;374.00000;2.60616
1034.00000;374.00000;2.38432
1078.00000;374.00000;2.87463
1122.00000;374.00000;3.12586
1166.00000;374.00000;3.44898
1210.00000;374.00000;3.71012
1254.00000;374.00000;3.74783
1298.00000;374.00000;3.59809
1342.00000;374.00000;2.48443
1386.00000;374.00000;1.72668
1430.00000;374.00000;0.95009
1474.00000;374.00000;0.73017
1518.00000;374.00000;0.64814
1562.00000;374.00000;0.58935
1606.00000;374.00000;1.00862
1650.00000;374.00000;1.63727
1694.00000;374.00000;2.30239
1738.00000;374.00000;2.93041
1782.00000;374.00000;3.40598
1826.00000;374.00000;4.12739
66.00000;418.00000;2.57611
110.00000;418.00000;2.64712
154.00000;418.00000;2.54039
198.00000;418.00000;2.56166
242.00000;418.00000;2.66931
286.00000;418.00000;2.88479
330.00000;418.00000;3.13079
374.00000;418.00000;3.15191
418.00000;418.00000;2.98605
462.00000;418.00000;2.76313
506.00000;418.00000;2.69447
550.00000;418.00000;2.87878
594.00000;418.00000;3.13421
638.00000;418.00000;3.44527
682.00000;418.00000;3.68934
726.00000;418.00000;3.32986
770.00000;418.00000;3.18194
814.00000;418.00000;2.98764
858.00000;418.00000;2.83403
902.00000;418.00000;2.97680
946.00000;418.00000;3.07247
990.00000;418.00000;3.03520
1034.00000;418.00000;3.05219
1078.00000;418.00000;2.87175
1122.00000;418.00000;2.85544
1166.00000;418.00000;2.92914
1210.00000;418.00000;3.83625
1254.00000;418.00000;3.99118
1298.00000;418.00000;3.87206
1342.00000;418.00000;3.16899
1386.00000;418.00000;2.28818
1430.00000;418.00000;1.58116
1474.00000;418.00000;1.03310
1518.00000;418.00000;0.72127
1562.00000;418.00000;0.61690
1606.00000;418.00000;1.00326
1650.00000;418.00000;1.55114
1694.00000;418.00000;2.16308
1738.00000;418.00000;2.75230
1782.00000;418.00000;3.25890
1826.00000;418.00000;3.65120
66.00000;462.00000;2.80404
110.00000;462.00000;2.94474
154.00000;462.00000;2.96468
198.00000;462.00000;2.61647
242.00000;462.00000;2.88919
286.00000;462.00000;3.06765
330.00000;462.00000;3.29727
374.00000;462.00000;3.48678
418.00000;462.00000;3.60559
462.00000;462.00000;3.41610
506.00000;462.00000;3.23061
550.00000;462.00000;3.28986
594.00000;462.00000;3.51110
638.00000;462.00000;3.85854
682.00000;462.00000;3.82473
726.00000;462.00000;3.57555
770.00000;462.00000;3.18894
814.00000;462.00000;2.85753
858.00000;462.00000;3.14774
902.00000;462.00000;3.14983
946.00000;462.00000;3.14826
990.00000;462.00000;3.38237
1034.00000;462.00000;3.49162
1078.00000;462.00000;3.16378
1122.00000;462.00000;2.89354
1166.00000;462.00000;2.65619
1210.00000;462.00000;2.44255
1254.00000;462.00000;2.64178
1298.00000;462.00000;3.21225
1342.00000;462.00000;3.18158
1386.00000;462.00000;2.65998
1430.00000;462.00000;2.17439
1474.00000;462.00000;1.31849
1518.00000;462.00000;1.16462
1562.00000;462.00000;1.04063
1606.00000;462.00000;1.24540
1650.00000;462.00000;1.74730
1694.00000;462.00000;2.27614
1738.00000;462.00000;2.79263
1782.00000;462.00000;3.10843
1826.00000;462.00000;3.57976
66.00000;506.00000;2.90627
110.00000;506.00000;2.82410
154.00000;506.00000;2.77905
198.00000;506.00000;2.73350
242.00000;506.00000;2.69593
286.00000;506.00000;2.67970
330.00000;506.00000;2.67798
374.00000;506.00000;2.99144
418.00000;506.00000;3.34095
462.00000;506.00000;3.50317
506.00000;506.00000;3.69768
550.00000;506.00000;3.80300
594.00000;506.00000;3.95121
638.00000;506.00000;3.90133
682.00000;506.00000;4.34927
726.00000;506.00000;3.83003
770.00000;506.00000;3.26324
814.00000;506.00000;2.78555
858.00000;506.00000;2.45371
902.00000;506.00000;3.43235
946.00000;506.00000;2.91262
990.00000;506.00000;3.39839
1034.00000;506.00000;3.86226
1078.00000;506.00000;3.46298
1122.00000;506.00000;3.02533
1166.00000;506.00000;2.60094
1210.00000;506.00000;1.99146
1254.00000;506.00000;1.81346
1298.00000;506.00000;2.48715
1342.00000;506.00000;2.78076
1386.00000;506.00000;2.69011
1430.00000;506.00000;2.55959
1474.00000;506.00000;1.74074
1518.00000;506.00000;1.62922
1562.00000;506.00000;1.52605
1606.00000;506.00000;1.52553
1650.00000;506.00000;1.99479
1694.00000;506.00000;2.31457
1738.00000;506.00000;2.76330
1782.00000;506.00000;3.09547
1826.00000;506.00000;3.46284
66.00000;550.00000;2.93127
110.00000;550.00000;2.80779
154.00000;550.00000;2.74159
198.00000;550.00000;2.66773
242.00000;550.00000;2.58755
286.00000;550.00000;2.50310
330.00000;550.00000;2.48476
374.00000;550.00000;2.60814
418.00000;550.00000;2.82754
462.00000;550.00000;2.92151
506.00000;550.00000;2.80108
550.00000;550.00000;2.78708
594.00000;550.00000;2.82360
638.00000;550.00000;2.76192
682.00000;550.00000;3.29066
726.00000;550.00000;3.25720
770.00000;550.00000;2.91603
814.00000;550.00000;2.52276
858.00000;550.00000;2.19270
902.00000;550.00000;2.09013
946.00000;550.00000;2.73014
990.00000;550.00000;3.37420
1034.00000;550.00000;3.90630
1078.00000;550.00000;3.89322
1122.00000;550.00000;3.48558
1166.00000;550.00000;2.97128
1210.00000;550.00000;2.48063
1254.00000;550.00000;2.15032
1298.00000;550.00000;2.08908
1342.00000;550.00000;1.96339
1386.00000;550.00000;1.94289
1430.00000;550.00000;2.13896
1474.00000;550.00000;2.13938
1518.00000;550.00000;2.08583
1562.00000;550.00000;2.02323
1606.00000;550.00000;1.95845
1650.00000;550.00000;2.06180
1694.00000;550.00000;2.50515
1738.00000;550.00000;2.79559
1782.00000;550.00000;3.15890
1826.00000;550.00000;3.37630
66.00000;594.00000;2.95464
110.00000;594.00000;2.81442
154.00000;594.00000;2.74409
198.00000;594.00000;2.64620
242.00000;594.00000;2.54047
286.00000;594.00000;2.42627
330.00000;594.00000;2.26570
374.00000;594.00000;2.28926
418.00000;594.00000;2.39536
462.00000;594.00000;2.53365
506.00000;594.00000;2.32169
550.00000;594.00000;2.24129
594.00000;594.00000;2.09602
638.00000;594.00000;1.81406
682.00000;594.00000;2.16207
726.00000;594.00000;2.31363
770.00000;594.00000;2.28006
814.00000;594.00000;2.05151
858.00000;594.00000;1.75941
902.00000;594.00000;1.59212
946.00000;594.00000;2.43441
990.00000;594.00000;3.25919
1034.00000;594.00000;3.92574
1078.00000;594.00000;4.16327
1122.00000;594.00000;3.91306
1166.00000;594.00000;3.40956
1210.00000;594.00000;2.95078
1254.00000;594.00000;2.60489
1298.00000;594.00000;2.47460
1342.00000;594.00000;2.27864
1386.00000;594.00000;2.25235
1430.00000;594.00000;2.47139
1474.00000;594.00000;2.46069
1518.00000;594.00000;2.46442
1562.00000;594.00000;2.47891
1606.00000;594.00000;2.53929
1650.00000;594.00000;2.57648
1694.00000;594.00000;2.70194
1738.00000;594.00000;2.89038
1782.00000;594.00000;3.11673
1826.00000;594.00000;3.22217
66.00000;638.00000;2.97699
110.00000;638.00000;3.19393
154.00000;638.00000;3.29639
198.00000;638.00000;3.34347
242.00000;638.00000;3.30496
286.00000;638.00000;3.16289
330.00000;638.00000;2.92751
374.00000;638.00000;2.26784
418.00000;638.00000;1.99320
462.00000;638.00000;2.20248
506.00000;638.00000;1.54208
550.00000;638.00000;1.45808
594.00000;638.00000;1.36657
638.00000;638.00000;1.17091
682.00000;638.00000;1.16607
726.00000;638.00000;1.49698
770.00000;638.00000;1.66179
814.00000;638.00000;1.58501
858.00000;638.00000;1.43026
902.00000;638.00000;1.16270
946.00000;638.00000;2.18957
990.00000;638.00000;3.20824
1034.00000;638.00000;4.02163
1078.00000;638.00000;4.44119
1122.00000;638.00000;4.36100
1166.00000;638.00000;3.85173
1210.00000;638.00000;3.41436
1254.00000;638.00000;3.11593
1298.00000;638.00000;2.86319
1342.00000;638.00000;2.17348
1386.00000;638.00000;2.57130
1430.00000;638.00000;2.67400
1474.00000;638.00000;2.69204
1518.00000;638.00000;2.68374
1562.00000;638.00000;2.77126
1606.00000;638.00000;2.85106
1650.00000;638.00000;2.81893
1694.00000;638.00000;2.84157
1738.00000;638.00000;2.96534
1782.00000;638.00000;3.07493
1826.00000;638.00000;3.15010
66.00000;682.00000;3.00019
110.00000;682.00000;3.27708
154.00000;682.00000;3.47292
198.00000;682.00000;3.62196
242.00000;682.00000;3.68689
286.00000;682.00000;3.63170
330.00000;682.00000;3.45313
374.00000;682.00000;2.44996
418.00000;682.00000;1.86521
462.00000;682.00000;1.54168
506.00000;682.00000;1.61009
550.00000;682.00000;1.57903
594.00000;682.00000;1.51645
638.00000;682.00000;1.40790
682.00000;682.00000;1.27275
726.00000;682.00000;1.54390
770.00000;682.00000;1.71500
814.00000;682.00000;1.80488
858.00000;682.00000;1.78365
902.00000;682.00000;1.87040
946.00000;682.00000;2.47659
990.00000;682.00000;3.29304
1034.00000;682.00000;4.17736
1078.00000;682.00000;4.87419
1122.00000;682.00000;4.80676
1166.00000;682.00000;3.42741
1210.00000;682.00000;3.34608
1254.00000;682.00000;2.83891
1298.00000;682.00000;2.22435
1342.00000;682.00000;2.08095
1386.00000;682.00000;2.45194
1430.00000;682.00000;2.69437
1474.00000;682.00000;2.80165
1518.00000;682.00000;2.84174
1562.00000;682.00000;2.87185
1606.00000;682.00000;2.85909
1650.00000;682.00000;2.84473
1694.00000;682.00000;2.89866
1738.00000;682.00000;2.89847
1782.00000;682.00000;2.99203
1826.00000;682.00000;3.25760
66.00000;726.00000;2.96851
110.00000;726.00000;3.32578
154.00000;726.00000;3.60818
198.00000;726.00000;3.86117
242.00000;726.00000;4.05261
286.00000;726.00000;4.12175
330.00000;726.00000;4.00993
374.00000;726.00000;2.75591
418.00000;726.00000;2.01842
462.00000;726.00000;1.40245
506.00000;726.00000;1.52454
550.00000;726.00000;1.59973
594.00000;726.00000;1.64359
638.00000;726.00000;1.63510
682.00000;726.00000;1.56538
726.00000;726.00000;1.98243
770.00000;726.00000;2.21524
814.00000;726.00000;2.35295
858.00000;726.00000;2.32865
902.00000;726.00000;2.58715
946.00000;726.00000;3.13704
990.00000;726.00000;3.60830
1034.00000;726.00000;4.39587
1078.00000;726.00000;5.17140
1122.00000;726.00000;5.21763
1166.00000;726.00000;4.16525
1210.00000;726.00000;3.28535
1254.00000;726.00000;2.59901
1298.00000;726.00000;2.02331
1342.00000;726.00000;1.82299
1386.00000;726.00000;2.19891
1430.00000;726.00000;2.51564
1474.00000;726.00000;2.76624
1518.00000;726.00000;2.85961
1562.00000;726.00000;2.88525
1606.00000;726.00000;2.82546
1650.00000;726.00000;2.81233
1694.00000;726.00000;2.97403
1738.00000;726.00000;2.88646
1782.00000;726.00000;2.97790
1826.00000;726.00000;3.16099
66.00000;770.00000;2.76738
110.00000;770.00000;3.15081
154.00000;770.00000;3.56526
198.00000;770.00000;3.97099
242.00000;770.00000;4.31337
286.00000;770.00000;4.48452
330.00000;770.00000;4.54323
374.00000;770.00000;3.33688
418.00000;770.00000;2.35350
462.00000;770.00000;1.36820
506.00000;770.00000;1.41569
550.00000;770.00000;1.58243
594.00000;770.00000;1.72637
638.00000;770.00000;1.83746
682.00000;770.00000;1.84915
726.00000;770.00000;2.36746
770.00000;770.00000;2.73236
814.00000;770.00000;2.99255
858.00000;770.00000;3.02643
902.00000;770.00000;3.21093
946.00000;770.00000;3.54489
990.00000;770.00000;3.94362
1034.00000;770.00000;4.54418
1078.00000;770.00000;5.14256
1122.00000;770.00000;5.48164
1166.00000;770.00000;4.30435
1210.00000;770.00000;3.16358
1254.00000;770.00000;2.25406
1298.00000;770.00000;1.73649
1342.00000;770.00000;1.64218
1386.00000;770.00000;1.95017
1430.00000;770.00000;2.30449
1474.00000;770.00000;2.63809
1518.00000;770.00000;2.87530
1562.00000;770.00000;2.90975
1606.00000;770.00000;2.79741
1650.00000;770.00000;2.76982
1694.00000;770.00000;2.83003
1738.00000;770.00000;2.89695
1782.00000;770.00000;2.98947
1826.00000;770.00000;3.18918
66.00000;814.00000;2.44691
110.00000;814.00000;2.88825
154.00000;814.00000;3.31243
198.00000;814.00000;3.68403
242.00000;814.00000;4.09323
286.00000;814.00000;4.57531
330.00000;814.00000;4.98166
374.00000;814.00000;4.09851
418.00000;814.00000;3.11136
462.00000;814.00000;2.08853
506.00000;814.00000;1.90243
550.00000;814.00000;1.85810
594.00000;814.00000;1.89338
638.00000;814.00000;1.98925
682.00000;814.00000;2.09324
726.00000;814.00000;2.60621
770.00000;814.00000;3.13340
814.00000;814.00000;3.60077
858.00000;814.00000;3.76702
902.00000;814.00000;3.61939
946.00000;814.00000;3.92742
990.00000;814.00000;4.12263
1034.00000;814.00000;4.47497
1078.00000;814.00000;4.56080
1122.00000;814.00000;4.92324
1166.00000;814.00000;4.08160
1210.00000;814.00000;2.97507
1254.00000;814.00000;1.93783
1298.00000;814.00000;1.42300
1342.00000;814.00000;1.19166
1386.00000;814.00000;1.67186
1430.00000;814.00000;2.09992
1474.00000;814.00000;2.49433
1518.00000;814.00000;2.81163
1562.00000;814.00000;2.93966
1606.00000;814.00000;2.77494
1650.00000;814.00000;2.71627
1694.00000;814.00000;2.80921
1738.00000;814.00000;2.92290
1782.00000;814.00000;3.02086
1826.00000;814.00000;3.23391
66.00000;858.00000;2.32336
110.00000;858.00000;3.03481
154.00000;858.00000;3.01876
198.00000;858.00000;3.52489
242.00000;858.00000;3.96351
286.00000;858.00000;4.97332
330.00000;858.00000;4.94043
374.00000;858.00000;4.59131
418.00000;858.00000;3.81038
462.00000;858.00000;2.92682
506.00000;858.00000;2.76306
550.00000;858.00000;2.66091
594.00000;858.00000;2.65902
638.00000;858.00000;2.64174
682.00000;858.00000;2.64894
726.00000;858.00000;3.09487
770.00000;858.00000;3.49994
814.00000;858.00000;4.00001
858.00000;858.00000;4.40077
902.00000;858.00000;5.06007
946.00000;858.00000;4.26162
990.00000;858.00000;4.31980
1034.00000;858.00000;4.46237
1078.00000;858.00000;4.26876
1122.00000;858.00000;4.13858
1166.00000;858.00000;3.66177
1210.00000;858.00000;2.91375
1254.00000;858.00000;1.57138
1298.00000;858.00000;0.56643
1342.00000;858.00000;0.65137
1386.00000;858.00000;1.47056
1430.00000;858.00000;1.92345
1474.00000;858.00000;2.32966
1518.00000;858.00000;2.84908
1562.00000;858.00000;2.98195
1606.00000;858.00000;2.75550
1650.00000;858.00000;2.64425
1694.00000;858.00000;2.77783
1738.00000;858.00000;2.94579
1782.00000;858.00000;3.06946
1826.00000;858.00000;3.29335
66.00000;902.00000;2.21228
110.00000;902.00000;3.12500
154.00000;902.00000;3.90581
198.00000;902.00000;3.19854
242.00000;902.00000;4.77744
286.00000;902.00000;4.60372
330.00000;902.00000;5.03510
374.00000;902.00000;5.07328
418.00000;902.00000;4.23094
462.00000;902.00000;3.43812
506.00000;902.00000;3.50701
550.00000;902.00000;2.88863
594.00000;902.00000;3.07019
638.00000;902.00000;3.20172
682.00000;902.00000;3.19390
726.00000;902.00000;3.78003
770.00000;902.00000;4.26484
814.00000;902.00000;4.82844
858.00000;902.00000;5.29932
902.00000;902.00000;5.55635
946.00000;902.00000;4.94972
990.00000;902.00000;4.64669
1034.00000;902.00000;4.67793
1078.00000;902.00000;4.18229
1122.00000;902.00000;3.69503
1166.00000;902.00000;3.08384
1210.00000;902.00000;2.00769
1254.00000;902.00000;1.30890
1298.00000;902.00000;0.59907
1342.00000;902.00000;0.48086
1386.00000;902.00000;0.62204
1430.00000;902.00000;1.66620
1474.00000;902.00000;1.85271
1518.00000;902.00000;2.41743
1562.00000;902.00000;2.92589
1606.00000;902.00000;2.73144
1650.00000;902.00000;2.53528
1694.00000;902.00000;2.73391
1738.00000;902.00000;2.97074
1782.00000;902.00000;3.13225
1826.00000;902.00000;3.37092
66.00000;946.00000;2.31320
110.00000;946.00000;3.43812
154.00000;946.00000;4.33604
198.00000;946.00000;4.98133
242.00000;946.00000;5.25036
286.00000;946.00000;4.65858
330.00000;946.00000;4.25103
374.00000;946.00000;4.24246
418.00000;946.00000;3.93173
462.00000;946.00000;3.53857
506.00000;946.00000;3.85559
550.00000;946.00000;3.91966
594.00000;946.00000;3.98360
638.00000;946.00000;4.02160
682.00000;946.00000;3.90244
726.00000;946.00000;4.33367
770.00000;946.00000;4.79861
814.00000;946.00000;5.41160
858.00000;946.00000;6.04985
902.00000;946.00000;6.35549
946.00000;946.00000;5.62428
990.00000;946.00000;5.07343
1034.00000;946.00000;4.59297
1078.00000;946.00000;3.96647
1122.00000;946.00000;3.49458
1166.00000;946.00000;2.90639
1210.00000;946.00000;1.66939
1254.00000;946.00000;1.09158
1298.00000;946.00000;0.77510
1342.00000;946.00000;0.62001
1386.00000;946.00000;0.72279
1430.00000;946.00000;1.06763
1474.00000;946.00000;1.47594
1518.00000;946.00000;2.08578
1562.00000;946.00000;2.42263
1606.00000;946.00000;2.44823
1650.00000;946.00000;2.38042
1694.00000;946.00000;2.69843
1738.00000;946.00000;3.03358
1782.00000;946.00000;3.30098
1826.00000;946.00000;3.60023
66.00000;990.00000;3.15528
110.00000;990.00000;4.23693
154.00000;990.00000;5.15478
198.00000;990.00000;5.70062
242.00000;990.00000;5.11410
286.00000;990.00000;4.92926
330.00000;990.00000;4.55301
374.00000;990.00000;4.19653
418.00000;990.00000;3.73767
462.00000;990.00000;3.38812
506.00000;990.00000;3.62767
550.00000;990.00000;3.85219
594.00000;990.00000;4.04405
638.00000;990.00000;4.23581
682.00000;990.00000;4.35836
726.00000;990.00000;4.74317
770.00000;990.00000;5.17872
814.00000;990.00000;5.77159
858.00000;990.00000;6.49145
902.00000;990.00000;6.96048
946.00000;990.00000;5.88647
990.00000;990.00000;5.32987
1034.00000;990.00000;3.73847
1078.00000;990.00000;3.25338
1122.00000;990.00000;2.47500
1166.00000;990.00000;1.94838
1210.00000;990.00000;1.37778
1254.00000;990.00000;0.99277
1298.00000;990.00000;0.88498
1342.00000;990.00000;0.76726
1386.00000;990.00000;0.81549
1430.00000;990.00000;1.00643
1474.00000;990.00000;1.05106
1518.00000;990.00000;1.47871
1562.00000;990.00000;2.03334
1606.00000;990.00000;2.12644
1650.00000;990.00000;2.30031
1694.00000;990.00000;2.61277
1738.00000;990.00000;3.05941
1782.00000;990.00000;3.38028
1826.00000;990.00000;3.66136
66.00000;1034.00000;4.78433
110.00000;1034.00000;5.21436
154.00000;1034.00000;5.80307
198.00000;1034.00000;6.00539
242.00000;1034.00000;6.10034
286.00000;1034.00000;5.82263
330.00000;1034.00000;5.34353
374.00000;1034.00000;4.85476
418.00000;1034.00000;4.10604
462.00000;1034.00000;3.84761
506.00000;1034.00000;3.87119
550.00000;1034.00000;3.97489
594.00000;1034.00000;4.13505
638.00000;1034.00000;4.11849
682.00000;1034.00000;4.07883
726.00000;1034.00000;4.04142
770.00000;1034.00000;4.28485
814.00000;1034.00000;4.98526
858.00000;1034.00000;5.21813
902.00000;1034.00000;5.18404
946.00000;1034.00000;4.95648
990.00000;1034.00000;4.23843
1034.00000;1034.00000;3.52804
1078.00000;1034.00000;2.73831
1122.00000;1034.00000;2.08492
1166.00000;1034.00000;1.56439
1210.00000;1034.00000;1.14182
1254.00000;1034.00000;0.92930
1298.00000;1034.00000;0.85452
1342.00000;1034.00000;0.74799
1386.00000;1034.00000;0.61619
1430.00000;1034.00000;0.54337
1474.00000;1034.00000;0.70566
1518.00000;1034.00000;1.01771
1562.00000;1034.00000;1.11244
1606.00000;1034.00000;1.75824
1650.00000;1034.00000;2.09200
1694.00000;1034.00000;2.44783
1738.00000;1034.00000;2.93252
1782.00000;1034.00000;3.37925
1826.00000;1034.00000;3.73512
66.00000;1078.00000;6.05370
110.00000;1078.00000;6.53507
154.00000;1078.00000;7.26051
198.00000;1078.00000;7.30365
242.00000;1078.00000;7.23227
286.00000;1078.00000;6.37661
330.00000;1078.00000;6.10952
374.00000;1078.00000;5.45407
418.00000;1078.00000;4.73998
462.00000;1078.00000;4.31745
506.00000;1078.00000;4.22591
550.00000;1078.00000;4.21759
594.00000;1078.00000;4.26013
638.00000;1078.00000;4.00506
682.00000;1078.00000;3.82105
726.00000;1078.00000;3.53012
770.00000;1078.00000;3.42268
814.00000;1078.00000;3.71438
858.00000;1078.00000;4.32033
902.00000;1078.00000;3.62700
946.00000;1078.00000;3.43263
990.00000;1078.00000;3.27915
1034.00000;1078.00000;2.92455
1078.00000;1078.00000;2.43311
1122.00000;1078.00000;1.86607
1166.00000;1078.00000;1.05916
1210.00000;1078.00000;1.13067
1254.00000;1078.00000;1.26016
1298.00000;1078.00000;0.83504
1342.00000;1078.00000;0.74280
1386.00000;1078.00000;0.63214
1430.00000;1078.00000;0.68012
1474.00000;1078.00000;0.64022
1518.00000;1078.00000;0.76939
1562.00000;1078.00000;0.85561
1606.00000;1078.00000;1.14350
1650.00000;1078.00000;1.32032
1694.00000;1078.00000;1.76666
1738.00000;1078.00000;2.17919
1782.00000;1078.00000;2.63961
1826.00000;1078.00000;3.06336
66.00000;1122.00000;7.01033
110.00000;1122.00000;7.38565
154.00000;1122.00000;8.07478
198.00000;1122.00000;8.93751
242.00000;1122.00000;7.69597
286.00000;1122.00000;6.47697
330.00000;1122.00000;6.65861
374.00000;1122.00000;5.94438
418.00000;1122.00000;4.21118
462.00000;1122.00000;4.60897
506.00000;1122.00000;4.62951
550.00000;1122.00000;4.51929
594.00000;1122.00000;4.42784
638.00000;1122.00000;4.38172
682.00000;1122.00000;3.69718
726.00000;1122.00000;3.23814
770.00000;1122.00000;2.81511
814.00000;1122.00000;2.36062
858.00000;1122.00000;2.32856
902.00000;1122.00000;2.34685
946.00000;1122.00000;2.48830
990.00000;1122.00000;2.42119
1034.00000;1122.00000;1.99568
1078.00000;1122.00000;1.52595
1122.00000;1122.00000;1.19008
1166.00000;1122.00000;0.97826
1210.00000;1122.00000;1.18397
1254.00000;1122.00000;1.37944
1298.00000;1122.00000;1.25461
1342.00000;1122.00000;1.20719
1386.00000;1122.00000;3.33600
1430.00000;1122.00000;3.45954
1474.00000;1122.00000;2.76834
1518.00000;1122.00000;2.21147
1562.00000;1122.00000;1.52890
1606.00000;1122.00000;1.31615
1650.00000;1122.00000;1.20888
1694.00000;1122.00000;2.50638
1738.00000;1122.00000;2.10748
1782.00000;1122.00000;2.06910
1826.00000;1122.00000;2.33554
66.00000;1166.00000;7.98286
110.00000;1166.00000;7.41129
154.00000;1166.00000;7.46637
198.00000;1166.00000;7.50707
242.00000;1166.00000;6.65931
286.00000;1166.00000;5.66305
330.00000;1166.00000;5.48366
374.00000;1166.00000;5.10530
418.00000;1166.00000;3.84772
462.00000;1166.00000;4.40623
506.00000;1166.00000;4.94869
550.00000;1166.00000;4.76456
594.00000;1166.00000;4.56605
638.00000;1166.00000;4.43031
682.00000;1166.00000;3.37104
726.00000;1166.00000;3.14160
770.00000;1166.00000;2.74144
814.00000;1166.00000;2.27666
858.00000;1166.00000;1.74154
902.00000;1166.00000;1.78457
946.00000;1166.00000;1.94870
990.00000;1166.00000;1.92110
1034.00000;1166.00000;1.75085
1078.00000;1166.00000;1.28493
1122.00000;1166.00000;1.01635
1166.00000;1166.00000;1.02667
1210.00000;1166.00000;1.23439
1254.00000;1166.00000;1.43213
1298.00000;1166.00000;1.50776
1342.00000;1166.00000;1.43447
1386.00000;1166.00000;4.21031
1430.00000;1166.00000;4.92381
1474.00000;1166.00000;4.52540
1518.00000;1166.00000;3.80502
1562.00000;1166.00000;2.84047
1606.00000;1166.00000;2.16770
1650.00000;1166.00000;1.70681
1694.00000;1166.00000;1.43279
1738.00000;1166.00000;2.07199
1782.00000;1166.00000;1.46964
1826.00000;1166.00000;1.69576
66.00000;1210.00000;8.57292
110.00000;1210.00000;8.46660
154.00000;1210.00000;6.71572
198.00000;1210.00000;6.03583
242.00000;1210.00000;5.02884
286.00000;1210.00000;4.73187
330.00000;1210.00000;4.58432
374.00000;1210.00000;4.52775
418.00000;1210.00000;3.52619
462.00000;1210.00000;4.11331
506.00000;1210.00000;4.48332
550.00000;1210.00000;4.73224
594.00000;1210.00000;4.61019
638.00000;1210.00000;3.90860
682.00000;1210.00000;3.99392
726.00000;1210.00000;3.02872
770.00000;1210.00000;2.67632
814.00000;1210.00000;2.19751
858.00000;1210.00000;1.71313
902.00000;1210.00000;1.45456
946.00000;1210.00000;1.54580
990.00000;1210.00000;1.75491
1034.00000;1210.00000;1.35778
1078.00000;1210.00000;0.95833
1122.00000;1210.00000;0.75927
1166.00000;1210.00000;0.91140
1210.00000;1210.00000;1.25070
1254.00000;1210.00000;1.57809
1298.00000;1210.00000;1.77932
1342.00000;1210.00000;1.72896
1386.00000;1210.00000;4.79875
1430.00000;1210.00000;6.13456
1474.00000;1210.00000;6.36083
1518.00000;1210.00000;5.47629
1562.00000;1210.00000;4.10147
1606.00000;1210.00000;3.25801
1650.00000;1210.00000;2.54987
1694.00000;1210.00000;1.93623
1738.00000;1210.00000;1.50647
1782.00000;1210.00000;1.07483
1826.00000;1210.00000;1.05834
66.00000;1254.00000;8.67037
110.00000;1254.00000;8.27424
154.00000;1254.00000;6.10693
198.00000;1254.00000;4.07893
242.00000;1254.00000;3.35501
286.00000;1254.00000;3.02978
330.00000;1254.00000;3.06923
374.00000;1254.00000;3.37397
418.00000;1254.00000;3.72681
462.00000;1254.00000;3.61796
506.00000;1254.00000;4.07103
550.00000;1254.00000;4.38792
594.00000;1254.00000;4.21751
638.00000;1254.00000;3.95571
682.00000;1254.00000;4.03480
726.00000;1254.00000;4.00396
770.00000;1254.00000;3.86644
814.00000;1254.00000;2.32267
858.00000;1254.00000;1.88258
902.00000;1254.00000;1.64664
946.00000;1254.00000;2.22124
990.00000;1254.00000;1.69703
1034.00000;1254.00000;1.16564
1078.00000;1254.00000;0.69258
1122.00000;1254.00000;0.50201
1166.00000;1254.00000;1.11479
1210.00000;1254.00000;1.23890
1254.00000;1254.00000;1.60440
1298.00000;1254.00000;1.99291
1342.00000;1254.00000;2.09621
1386.00000;1254.00000;4.82466
1430.00000;1254.00000;6.48133
1474.00000;1254.00000;7.72384
1518.00000;1254.00000;6.47407
1562.00000;1254.00000;4.94322
1606.00000;1254.00000;3.59432
1650.00000;1254.00000;2.52556
1694.00000;1254.00000;1.75374
1738.00000;1254.00000;1.26109
1782.00000;1254.00000;0.94961
66.00000;1298.00000;7.75690
110.00000;1298.00000;7.44560
154.00000;1298.00000;5.14615
198.00000;1298.00000;3.85461
242.00000;1298.00000;2.56029
286.00000;1298.00000;1.21693
330.00000;1298.00000;1.58602
374.00000;1298.00000;2.20269
418.00000;1298.00000;2.90125
462.00000;1298.00000;3.91284
506.00000;1298.00000;3.75027
550.00000;1298.00000;3.96090
594.00000;1298.00000;4.12709
638.00000;1298.00000;3.92095
682.00000;1298.00000;3.57218
726.00000;1298.00000;4.45147
770.00000;1298.00000;4.59968
814.00000;1298.00000;4.60800
858.00000;1298.00000;4.55223
902.00000;1298.00000;3.76829
946.00000;1298.00000;3.89261
990.00000;1298.00000;3.16632
1034.00000;1298.00000;2.63741
1078.00000;1298.00000;2.01641
1122.00000;1298.00000;1.83914
1166.00000;1298.00000;2.01282
1210.00000;1298.00000;2.27080
1254.00000;1298.00000;2.39050
1298.00000;1298.00000;2.44689
1342.00000;1298.00000;2.67325
1386.00000;1298.00000;3.97134
1430.00000;1298.00000;5.24054
1474.00000;1298.00000;6.46898
1518.00000;1298.00000;6.66557
1562.00000;1298.00000;5.69012
1606.00000;1298.00000;4.61219
1650.00000;1298.00000;3.58013
1694.00000;1298.00000;2.79736
1738.00000;1298.00000;2.30462
1782.00000;1298.00000;1.41252
66.00000;1342.00000;6.56378
110.00000;1342.00000;5.60696
154.00000;1342.00000;4.50650
198.00000;1342.00000;3.31764
242.00000;1342.00000;1.97856
286.00000;1342.00000;1.25946
330.00000;1342.00000;0.96913
374.00000;1342.00000;1.48286
418.00000;1342.00000;1.70262
462.00000;1342.00000;2.23001
506.00000;1342.00000;2.78653
550.00000;1342.00000;3.50872
594.00000;1342.00000;3.71873
638.00000;1342.00000;3.80176
682.00000;1342.00000;3.41653
726.00000;1342.00000;4.87112
770.00000;1342.00000;5.27929
814.00000;1342.00000;5.55885
858.00000;1342.00000;5.65463
902.00000;1342.00000;4.96698
946.00000;1342.00000;5.58418
990.00000;1342.00000;4.93153
1034.00000;1342.00000;4.47128
1078.00000;1342.00000;3.85334
1122.00000;1342.00000;3.38267
1166.00000;1342.00000;3.31564
1210.00000;1342.00000;2.74794
1254.00000;1342.00000;2.50413
1298.00000;1342.00000;2.43482
1342.00000;1342.00000;2.62018
1386.00000;1342.00000;3.16941
1430.00000;1342.00000;4.21262
1474.00000;1342.00000;5.17686
1518.00000;1342.00000;6.01602
1562.00000;1342.00000;5.06327
1606.00000;1342.00000;4.27983
1650.00000;1342.00000;3.33199
1694.00000;1342.00000;2.46989
1738.00000;1342.00000;2.09838
1782.00000;1342.00000;1.35951
66.00000;1386.00000;5.82853
110.00000;1386.00000;5.01174
154.00000;1386.00000;4.21128
198.00000;1386.00000;3.30414
242.00000;1386.00000;2.34057
286.00000;1386.00000;1.64392
330.00000;1386.00000;1.07352
374.00000;1386.00000;1.12704
418.00000;1386.00000;1.41648
462.00000;1386.00000;1.91039
506.00000;1386.00000;2.38336
550.00000;1386.00000;2.86323
594.00000;1386.00000;3.05101
638.00000;1386.00000;3.23966
682.00000;1386.00000;3.16818
726.00000;1386.00000;2.79483
770.00000;1386.00000;5.69787
814.00000;1386.00000;6.22809
858.00000;1386.00000;6.70271
902.00000;1386.00000;6.14222
946.00000;1386.00000;7.31662
990.00000;1386.00000;6.79319
1034.00000;1386.00000;6.30477
1078.00000;1386.00000;5.71208
1122.00000;1386.00000;5.15979
1166.00000;1386.00000;4.72084
1210.00000;1386.00000;3.85604
1254.00000;1386.00000;3.13013
1298.00000;1386.00000;2.72741
1342.00000;1386.00000;2.79187
1386.00000;1386.00000;2.99117
1430.00000;1386.00000;3.46789
1474.00000;1386.00000;4.15446
1518.00000;1386.00000;4.97360
1562.00000;1386.00000;4.30895
1606.00000;1386.00000;3.77397
1650.00000;1386.00000;2.99090
1694.00000;1386.00000;2.15019
1738.00000;1386.00000;1.69149
1782.00000;1386.00000;1.22794
66.00000;1430.00000;5.21481
110.00000;1430.00000;5.04318
154.00000;1430.00000;4.31599
198.00000;1430.00000;3.56571
242.00000;1430.00000;2.75350
286.00000;1430.00000;1.96230
330.00000;1430.00000;1.53105
374.00000;1430.00000;0.96626
418.00000;1430.00000;1.20398
462.00000;1430.00000;1.64136
506.00000;1430.00000;2.01697
550.00000;1430.00000;2.30233
594.00000;1430.00000;2.47048
638.00000;1430.00000;2.65680
682.00000;1430.00000;2.64264
726.00000;1430.00000;2.55744
770.00000;1430.00000;2.33532
814.00000;1430.00000;6.22677
858.00000;1430.00000;7.54514
902.00000;1430.00000;7.51562
946.00000;1430.00000;8.86158
990.00000;1430.00000;8.64482
1034.00000;1430.00000;8.01604
1078.00000;1430.00000;6.93621
1122.00000;1430.00000;6.58225
1166.00000;1430.00000;6.21350
1210.00000;1430.00000;4.91217
1254.00000;1430.00000;3.72724
1298.00000;1430.00000;2.97765
1342.00000;1430.00000;2.96518
1386.00000;1430.00000;3.09655
1430.00000;1430.00000;3.26264
1474.00000;1430.00000;3.51712
1518.00000;1430.00000;3.94193
1562.00000;1430.00000;3.68545
1606.00000;1430.00000;3.33439
1650.00000;1430.00000;2.77561
1694.00000;1430.00000;2.01884
1738.00000;1430.00000;1.24886
1782.00000;1430.00000;1.10779
66.00000;1474.00000;4.95472
110.00000;1474.00000;5.15644
154.00000;1474.00000;5.01488
198.00000;1474.00000;4.57144
242.00000;1474.00000;3.99095
286.00000;1474.00000;3.42718
330.00000;1474.00000;2.20806
374.00000;1474.00000;1.70646
418.00000;1474.00000;1.53695
462.00000;1474.00000;1.50196
506.00000;1474.00000;1.81198
550.00000;1474.00000;2.28069
594.00000;1474.00000;2.02483
638.00000;1474.00000;2.13557
682.00000;1474.00000;2.14247
726.00000;1474.00000;2.12974
770.00000;1474.00000;1.99869
814.00000;1474.00000;5.35923
858.00000;1474.00000;6.96964
902.00000;1474.00000;8.54868
946.00000;1474.00000;9.60916
990.00000;1474.00000;10.16202
1034.00000;1474.00000;9.39418
1078.00000;1474.00000;8.16876
1122.00000;1474.00000;7.43703
1166.00000;1474.00000;6.43495
1210.00000;1474.00000;5.52427
1254.00000;1474.00000;4.36645
1298.00000;1474.00000;3.18736
1342.00000;1474.00000;2.86365
1386.00000;1474.00000;3.28434
1430.00000;1474.00000;3.48264
1474.00000;1474.00000;3.69978
1518.00000;1474.00000;3.88485
1562.00000;1474.00000;3.61344
1606.00000;1474.00000;3.19524
1650.00000;1474.00000;2.51662
1694.00000;1474.00000;2.00367
1738.00000;1474.00000;1.62203
1782.00000;1474.00000;1.35229
66.00000;1518.00000;4.76328
110.00000;1518.00000;4.72521
154.00000;1518.00000;5.00802
198.00000;1518.00000;4.95598
242.00000;1518.00000;4.57255
286.00000;1518.00000;3.99071
330.00000;1518.00000;2.89617
374.00000;1518.00000;2.13898
418.00000;1518.00000;1.72400
462.00000;1518.00000;1.52120
506.00000;1518.00000;1.59097
550.00000;1518.00000;2.16567
594.00000;1518.00000;2.47452
638.00000;1518.00000;1.89660
682.00000;1518.00000;2.06265
726.00000;1518.00000;1.82365
770.00000;1518.00000;2.77874
814.00000;1518.00000;4.08601
858.00000;1518.00000;5.67278
902.00000;1518.00000;6.78455
946.00000;1518.00000;7.92989
990.00000;1518.00000;8.38076
1034.00000;1518.00000;7.98752
1078.00000;1518.00000;8.40320
1122.00000;1518.00000;7.92762
1166.00000;1518.00000;7.05015
1210.00000;1518.00000;6.39401
1254.00000;1518.00000;5.50970
1298.00000;1518.00000;4.53528
1342.00000;1518.00000;4.06979
1386.00000;1518.00000;4.01049
1430.00000;1518.00000;4.01322
1474.00000;1518.00000;4.04433
1518.00000;1518.00000;4.09240
1562.00000;1518.00000;3.95532
1606.00000;1518.00000;3.50491
1650.00000;1518.00000;2.87243
1694.00000;1518.00000;2.35256
1738.00000;1518.00000;1.99382
1782.00000;1518.00000;1.64901
66.00000;1562.00000;4.64349
110.00000;1562.00000;4.66981
154.00000;1562.00000;4.96940
198.00000;1562.00000;5.10562
242.00000;1562.00000;5.10766
286.00000;1562.00000;4.62259
330.00000;1562.00000;3.57498
374.00000;1562.00000;3.13071
418.00000;1562.00000;2.11845
462.00000;1562.00000;1.67095
506.00000;1562.00000;1.47721
550.00000;1562.00000;2.05482
594.00000;1562.00000;2.39722
638.00000;1562.00000;1.80709
682.00000;1562.00000;1.98258
726.00000;1562.00000;1.63047
770.00000;1562.00000;1.37527
814.00000;1562.00000;2.77039
858.00000;1562.00000;4.14679
902.00000;1562.00000;5.16284
946.00000;1562.00000;5.94925
990.00000;1562.00000;6.32243
1034.00000;1562.00000;6.38370
1078.00000;1562.00000;7.29838
1122.00000;1562.00000;7.73904
1166.00000;1562.00000;7.33044
1210.00000;1562.00000;6.82409
1254.00000;1562.00000;6.33864
1298.00000;1562.00000;5.76109
1342.00000;1562.00000;4.92268
1386.00000;1562.00000;4.66538
1430.00000;1562.00000;4.46095
1474.00000;1562.00000;4.37124
1518.00000;1562.00000;4.34055
1562.00000;1562.00000;4.31734
1606.00000;1562.00000;3.77931
1650.00000;1562.00000;3.23076
1694.00000;1562.00000;2.72456
1738.00000;1562.00000;2.29980
1782.00000;1562.00000;1.95963
66.00000;1606.00000;4.58900
110.00000;1606.00000;4.61462
154.00000;1606.00000;4.90321
198.00000;1606.00000;5.03755
242.00000;1606.00000;5.20284
286.00000;1606.00000;5.17701
330.00000;1606.00000;4.11952
374.00000;1606.00000;3.49741
418.00000;1606.00000;2.44956
462.00000;1606.00000;1.80563
506.00000;1606.00000;1.38864
550.00000;1606.00000;1.92897
594.00000;1606.00000;2.02419
638.00000;1606.00000;1.89457
682.00000;1606.00000;1.70649
726.00000;1606.00000;1.55722
770.00000;1606.00000;1.18853
814.00000;1606.00000;2.00932
858.00000;1606.00000;2.80284
902.00000;1606.00000;3.81186
946.00000;1606.00000;5.31755
990.00000;1606.00000;5.00802
1034.00000;1606.00000;4.66913
1078.00000;1606.00000;5.46778
1122.00000;1606.00000;6.22401
1166.00000;1606.00000;6.55049
1210.00000;1606.00000;6.14629
1254.00000;1606.00000;5.80371
1298.00000;1606.00000;5.38447
1342.00000;1606.00000;5.16534
1386.00000;1606.00000;5.14550
1430.00000;1606.00000;5.02672
1474.00000;1606.00000;4.92531
1518.00000;1606.00000;4.82329
1562.00000;1606.00000;4.42789
1606.00000;1606.00000;4.08750
1650.00000;1606.00000;3.58705
1694.00000;1606.00000;3.06339
1738.00000;1606.00000;2.61971
110.00000;1650.00000;4.78987
154.00000;1650.00000;4.11646
198.00000;1650.00000;3.94409
242.00000;1650.00000;4.11188
286.00000;1650.00000;4.27496
330.00000;1650.00000;4.14615
374.00000;1650.00000;3.52477
418.00000;1650.00000;2.73088
462.00000;1650.00000;1.96671
506.00000;1650.00000;1.24495
550.00000;1650.00000;2.02294
594.00000;1650.00000;2.28891
638.00000;1650.00000;2.18127
682.00000;1650.00000;1.97965
726.00000;1650.00000;1.76808
770.00000;1650.00000;1.31032
814.00000;1650.00000;1.50902
858.00000;1650.00000;1.72789
902.00000;1650.00000;2.21886
946.00000;1650.00000;4.22069
990.00000;1650.00000;4.14504
1034.00000;1650.00000;3.84015
1078.00000;1650.00000;4.43474
1122.00000;1650.00000;5.10633
1166.00000;1650.00000;5.72783
1210.00000;1650.00000;5.44816
1254.00000;1650.00000;5.18629
1298.00000;1650.00000;4.70648
1342.00000;1650.00000;4.55319
1386.00000;1650.00000;3.99576
1430.00000;1650.00000;4.75871
1474.00000;1650.00000;4.78503
1518.00000;1650.00000;4.80950
1562.00000;1650.00000;4.42457
1606.00000;1650.00000;4.45221
1650.00000;1650.00000;3.94873
1694.00000;1650.00000;3.36516
1738.00000;1650.00000;2.88020
110.00000;1694.00000;4.59680
154.00000;1694.00000;3.82162
198.00000;1694.00000;3.28242
242.00000;1694.00000;3.18458
286.00000;1694.00000;3.36042
330.00000;1694.00000;3.37551
374.00000;1694.00000;3.13702
418.00000;1694.00000;2.61775
462.00000;1694.00000;2.54819
506.00000;1694.00000;1.39261
550.00000;1694.00000;1.91322
594.00000;1694.00000;2.48873
638.00000;1694.00000;2.43842
682.00000;1694.00000;2.23530
726.00000;1694.00000;2.02347
770.00000;1694.00000;1.42660
814.00000;1694.00000;1.37250
858.00000;1694.00000;1.56735
902.00000;1694.00000;1.95493
946.00000;1694.00000;2.41974
990.00000;1694.00000;3.42454
1034.00000;1694.00000;3.43890
1078.00000;1694.00000;3.64322
1122.00000;1694.00000;4.08595
1166.00000;1694.00000;4.71134
1210.00000;1694.00000;4.53985
1254.00000;1694.00000;4.40133
1298.00000;1694.00000;3.90438
1342.00000;1694.00000;3.84605
1386.00000;1694.00000;3.32598
1430.00000;1694.00000;3.06802
1474.00000;1694.00000;4.48859
1518.00000;1694.00000;4.62879
1562.00000;1694.00000;4.01761
1606.00000;1694.00000;4.69475
1650.00000;1694.00000;4.25503
1694.00000;1694.00000;3.65345
1738.00000;1694.00000;3.09412
110.00000;1738.00000;4.45503
154.00000;1738.00000;3.42309
198.00000;1738.00000;2.86695
242.00000;1738.00000;2.33908
286.00000;1738.00000;3.82774
330.00000;1738.00000;4.47933
374.00000;1738.00000;4.76817
418.00000;1738.00000;4.39433
462.00000;1738.00000;3.68964
506.00000;1738.00000;2.51234
550.00000;1738.00000;2.27836
594.00000;1738.00000;2.48143
638.00000;1738.00000;2.75206
682.00000;1738.00000;2.39107
726.00000;1738.00000;2.20390
770.00000;1738.00000;1.59790
814.00000;1738.00000;1.32687
858.00000;1738.00000;1.42631
902.00000;1738.00000;1.71340
946.00000;1738.00000;2.08086
990.00000;1738.00000;2.75605
1034.00000;1738.00000;3.08618
1078.00000;1738.00000;3.23814
1122.00000;1738.00000;3.35357
1166.00000;1738.00000;4.10109
1210.00000;1738.00000;3.88135
1254.00000;1738.00000;3.48960
1298.00000;1738.00000;3.12814
1342.00000;1738.00000;3.12302
1386.00000;1738.00000;2.75514
1430.00000;1738.00000;2.64780
1474.00000;1738.00000;2.67568
1518.00000;1738.00000;2.96265
1562.00000;1738.00000;3.30801
1606.00000;1738.00000;3.94009
1650.00000;1738.00000;4.20934
1694.00000;1738.00000;3.87569
1738.00000;1738.00000;3.44684
110.00000;1782.00000;3.69096
154.00000;1782.00000;3.21217
198.00000;1782.00000;2.77580
242.00000;1782.00000;2.41466
286.00000;1782.00000;3.68386
330.00000;1782.00000;4.58228
374.00000;1782.00000;4.96086
418.00000;1782.00000;4.83098
462.00000;1782.00000;4.13112
506.00000;1782.00000;3.79485
550.00000;1782.00000;3.17080
594.00000;1782.00000;2.87854
638.00000;1782.00000;3.38826
682.00000;1782.00000;2.22723
726.00000;1782.00000;2.33525
770.00000;1782.00000;1.79216
814.00000;1782.00000;1.32700
858.00000;1782.00000;1.32815
902.00000;1782.00000;1.51755
946.00000;1782.00000;1.78252
990.00000;1782.00000;2.10998
1034.00000;1782.00000;2.63103
1078.00000;1782.00000;2.85370
1122.00000;1782.00000;3.01576
1166.00000;1782.00000;3.12185
1210.00000;1782.00000;3.24248
1254.00000;1782.00000;2.98301
1298.00000;1782.00000;3.13631
1342.00000;1782.00000;2.50962
1386.00000;1782.00000;2.02281
1430.00000;1782.00000;1.76667
1474.00000;1782.00000;1.63485
1518.00000;1782.00000;1.84367
1562.00000;1782.00000;2.40694
1606.00000;1782.00000;3.16167
1650.00000;1782.00000;3.73318
1694.00000;1782.00000;3.85725
1738.00000;1782.00000;3.66270
110.00000;1826.00000;3.47392
154.00000;1826.00000;2.85992
198.00000;1826.00000;2.62528
242.00000;1826.00000;2.59959
286.00000;1826.00000;4.19057
330.00000;1826.00000;5.32518
374.00000;1826.00000;6.38188
418.00000;1826.00000;6.27226
462.00000;1826.00000;5.42560
506.00000;1826.00000;3.92152
550.00000;1826.00000;2.73172
594.00000;1826.00000;1.98742
638.00000;1826.00000;2.07982
682.00000;1826.00000;1.93272
726.00000;1826.00000;2.05817
770.00000;1826.00000;1.82164
814.00000;1826.00000;1.49048
858.00000;1826.00000;1.26222
902.00000;1826.00000;1.43533
946.00000;1826.00000;1.63538
990.00000;1826.00000;1.89373
1034.00000;1826.00000;2.57532
1078.00000;1826.00000;3.04122
1122.00000;1826.00000;3.51272
1166.00000;1826.00000;3.84182
1210.00000;1826.00000;3.93464
1254.00000;1826.00000;2.70710
1298.00000;1826.00000;2.85679
1342.00000;1826.00000;2.82605
1386.00000;1826.00000;2.37066
1430.00000;1826.00000;1.63665
1474.00000;1826.00000;1.28804
1518.00000;1826.00000;1.07309
1562.00000;1826.00000;1.65992
1606.00000;1826.00000;2.53906
1650.00000;1826.00000;3.26135
1694.00000;1826.00000;3.53768
1738.00000;1826.00000;3.70410
110.00000;1870.00000;3.52013
154.00000;1870.00000;2.54713
198.00000;1870.00000;2.40141
242.00000;1870.00000;2.87465
286.00000;1870.00000;4.40217
330.00000;1870.00000;5.43924
374.00000;1870.00000;6.71245
418.00000;1870.00000;7.97269
462.00000;1870.00000;6.25967
506.00000;1870.00000;4.55540
550.00000;1870.00000;3.11337
594.00000;1870.00000;1.91842
638.00000;1870.00000;1.74529
682.00000;1870.00000;1.55668
726.00000;1870.00000;1.71257
770.00000;1870.00000;1.65033
814.00000;1870.00000;1.53519
858.00000;1870.00000;1.21065
902.00000;1870.00000;1.30870
946.00000;1870.00000;1.54560
990.00000;1870.00000;1.56006
1034.00000;1870.00000;2.40187
1078.00000;1870.00000;3.02690
1122.00000;1870.00000;3.64779
1166.00000;1870.00000;4.11550
1210.00000;1870.00000;4.40013
1254.00000;1870.00000;4.18862
1298.00000;1870.00000;3.02988
1342.00000;1870.00000;2.45052
1386.00000;1870.00000;1.92480
1430.00000;1870.00000;1.63535
1474.00000;1870.00000;1.29594
1518.00000;1870.00000;0.97943
1562.00000;1870.00000;1.14441
1606.00000;1870.00000;1.61878
1650.00000;1870.00000;2.24517
1694.00000;1870.00000;2.85668
1738.00000;1870.00000;3.37454
110.00000;1914.00000;2.15205
154.00000;1914.00000;2.36949
198.00000;1914.00000;2.75545
242.00000;1914.00000;3.39541
286.00000;1914.00000;4.37396
330.00000;1914.00000;5.25563
374.00000;1914.00000;6.03931
418.00000;1914.00000;6.45272
462.00000;1914.00000;6.58545
506.00000;1914.00000;5.00595
550.00000;1914.00000;3.76881
594.00000;1914.00000;2.21606
638.00000;1914.00000;1.03232
682.00000;1914.00000;1.28090
726.00000;1914.00000;1.65641
770.00000;1914.00000;1.79638
814.00000;1914.00000;1.87673
858.00000;1914.00000;1.66478
902.00000;1914.00000;1.21996
946.00000;1914.00000;1.37221
990.00000;1914.00000;1.38247
1034.00000;1914.00000;2.17449
1078.00000;1914.00000;2.99695
1122.00000;1914.00000;3.82688
1166.00000;1914.00000;4.40547
1210.00000;1914.00000;4.67850
1254.00000;1914.00000;4.40950
1298.00000;1914.00000;3.34185
1342.00000;1914.00000;2.55041
1386.00000;1914.00000;1.90515
1430.00000;1914.00000;1.65762
1474.00000;1914.00000;1.37401
1518.00000;1914.00000;1.08118
1562.00000;1914.00000;0.90129
1606.00000;1914.00000;1.36776
1650.00000;1914.00000;1.94959
1694.00000;1914.00000;2.52133
1738.00000;1914.00000;2.99283
110.00000;1958.00000;1.89302
154.00000;1958.00000;2.50450
198.00000;1958.00000;2.83512
242.00000;1958.00000;3.10960
286.00000;1958.00000;3.69994
330.00000;1958.00000;4.35506
374.00000;1958.00000;4.81675
418.00000;1958.00000;5.14525
462.00000;1958.00000;5.40035
506.00000;1958.00000;4.91833
550.00000;1958.00000;3.58970
594.00000;1958.00000;1.85664
638.00000;1958.00000;0.77866
682.00000;1958.00000;1.07185
726.00000;1958.00000;1.51567
770.00000;1958.00000;1.72971
814.00000;1958.00000;1.93581
858.00000;1958.00000;1.85673
902.00000;1958.00000;1.12420
946.00000;1958.00000;1.35797
990.00000;1958.00000;1.27555
1034.00000;1958.00000;2.25173
1078.00000;1958.00000;2.99926
1122.00000;1958.00000;3.94124
1166.00000;1958.00000;4.83094
1210.00000;1958.00000;5.19478
1254.00000;1958.00000;5.09286
1298.00000;1958.00000;3.88097
1342.00000;1958.00000;2.75516
1386.00000;1958.00000;1.87206
1430.00000;1958.00000;1.67571
1474.00000;1958.00000;1.48013
1518.00000;1958.00000;1.22121
1562.00000;1958.00000;1.18342
1606.00000;1958.00000;1.39379
1650.00000;1958.00000;1.74593
1694.00000;1958.00000;2.24654
1738.00000;1958.00000;2.69119
110.00000;2002.00000;1.81364
154.00000;2002.00000;2.04917
198.00000;2002.00000;2.40478
242.00000;2002.00000;2.66544
286.00000;2002.00000;3.06803
330.00000;2002.00000;3.50315
374.00000;2002.00000;3.87588
418.00000;2002.00000;4.05818
462.00000;2002.00000;4.09766
506.00000;2002.00000;3.34987
550.00000;2002.00000;2.49104
594.00000;2002.00000;1.58547
638.00000;2002.00000;0.77659
682.00000;2002.00000;0.96212
726.00000;2002.00000;1.34360
770.00000;2002.00000;1.54773
814.00000;2002.00000;1.83426
858.00000;2002.00000;2.24741
902.00000;2002.00000;2.21755
946.00000;2002.00000;1.41157
990.00000;2002.00000;1.18057
1034.00000;2002.00000;2.16085
1078.00000;2002.00000;2.96097
1122.00000;2002.00000;3.91537
1166.00000;2002.00000;4.99566
1210.00000;2002.00000;5.89201
1254.00000;2002.00000;5.98415
1298.00000;2002.00000;4.72241
1342.00000;2002.00000;3.32102
1386.00000;2002.00000;2.08050
1430.00000;2002.00000;1.71856
1474.00000;2002.00000;1.52843
330.00000;2046.00000;3.14338
374.00000;2046.00000;3.18508
418.00000;2046.00000;3.13449
462.00000;2046.00000;3.35336
506.00000;2046.00000;2.54829
550.00000;2046.00000;1.76693
594.00000;2046.00000;1.20193
638.00000;2046.00000;0.97749
682.00000;2046.00000;1.12224
726.00000;2046.00000;1.33689
770.00000;2046.00000;1.64516
814.00000;2046.00000;1.99287
858.00000;2046.00000;2.23636
902.00000;2046.00000;2.47010
946.00000;2046.00000;1.66277
990.00000;2046.00000;1.17733
1034.00000;2046.00000;2.15900
1078.00000;2046.00000;3.00217
1122.00000;2046.00000;3.80307
1166.00000;2046.00000;4.67910
1210.00000;2046.00000;5.74111
1254.00000;2046.00000;6.71624
550.00000;2090.00000;1.22711
594.00000;2090.00000;1.06273
638.00000;2090.00000;1.12867
682.00000;2090.00000;1.32418
726.00000;2090.00000;1.48113
770.00000;2090.00000;1.68890
814.00000;2090.00000;1.95531
858.00000;2090.00000;2.29600
902.00000;2090.00000;2.55686
